StateID,Year,CostIndex,GoodsCostIndex,HousingCostIndex,UtilitiesCostIndex,OtherServicesCostIndex
1,2008,88.901,95.966,59.88,90.905,97.757
1,2009,87.786,93.986,60.148,90.97,96.689
1,2010,89.783,96.407,61.501,92.959,98.43
1,2011,90.011,95.951,60.854,93.098,99.76
1,2012,90.559,95.208,62.321,95.092,100.783
1,2013,90.324,96.222,61.409,93.467,99.949
1,2014,90.175,96.253,59.913,94.27,99.939
1,2015,89.741,95.222,59.246,94.682,100.041
1,2016,90.609,96.055,60.511,94.749,100.582
1,2017,90.065,95.483,61.118,93.702,98.995
1,2018,87.378,92.476,59.641,87.972,95.933
1,2019,88.303,94.601,60.277,86.366,96.859
1,2020,87.569,94.353,59.582,84.817,96.477
1,2021,88.062,93.928,60.596,86.588,96.148
1,2022,88.021,94.668,57.502,87.954,97.131
1,2023,89.097,94.606,61.601,89.907,98.178
1,2024,88.823,96.399,61.785,84.643,96.711
2,2008,103.878,105.924,105.956,89.924,102.853
2,2009,106.147,105.722,119.666,103.87,103.42
2,2010,103.099,104.009,113.679,106.098,99.919
2,2011,103.274,103.451,109.994,110.705,101.223
2,2012,102.548,101.501,116.474,113.13,99.53
2,2013,102.052,100.142,114.823,118.265,99.551
2,2014,102.386,99.883,116.652,112.924,100.17
2,2015,103.287,104.376,114.548,116.966,99.812
2,2016,104.073,107.412,108.72,123.388,100.713
2,2017,104.833,107.706,109.38,123.106,101.755
2,2018,104.565,103.212,104.763,129.707,104.399
2,2019,103.041,100.529,101.303,131.617,103.886
2,2020,101.339,101.531,89.699,127.714,103.822
2,2021,104.907,109.142,103.366,116.751,102.606
2,2022,102.101,105.589,96.585,108.461,101.401
2,2023,103.297,103.697,96.736,113.322,104.417
2,2024,102.359,106.319,93.784,119.021,102.208
4,2008,102.504,102.954,103.316,96.373,102.292
4,2009,102.865,106.401,99.867,96.26,102.1
4,2010,100.558,100.075,96.898,104.34,102.121
4,2011,99.083,98.959,94.775,104.288,100.535
4,2012,98.05,98.261,95.176,100.543,98.828
4,2013,98.441,97.602,93.617,99.019,100.928
4,2014,97.944,97.741,92.74,100.348,99.873
4,2015,97.865,98.517,93.772,101.048,98.67
4,2016,98.622,97.834,92.448,97.467,101.545
4,2017,97.915,97.225,93.527,98.97,99.881
4,2018,97.381,95.865,94.255,99.777,99.392
4,2019,97.779,96.004,93.582,92.567,100.848
4,2020,99.203,100.076,97.944,90.047,99.676
4,2021,96.6,95.069,102.346,87.817,96.409
4,2022,99.992,98.094,106.244,87.219,100.099
4,2023,100.742,97.941,108.561,83.278,101.173
4,2024,100.677,95.361,106.804,92.317,102.808
5,2008,88.096,95.942,58.671,81.221,97.122
5,2009,86.364,93.774,57.419,79.472,95.845
5,2010,88.561,96.639,59.83,78.895,97.368
5,2011,89.383,96.001,61.012,79.095,98.897
5,2012,89.394,94.457,60.322,81.789,100.078
5,2013,89.493,95.382,59.938,81.468,99.773
5,2014,89.395,94.764,60.244,81.277,99.863
5,2015,89.013,93.983,59.372,84.454,99.54
5,2016,89.298,94.932,59.309,83.698,99.539
5,2017,88.561,94.536,57.639,83.143,98.14
5,2018,87.144,93.073,56.16,79.257,97.886
5,2019,87.744,94.774,56.808,78.449,97.245
5,2020,88.165,94.34,56.872,81.646,99.408
5,2021,88.902,95.623,59.435,82.595,97.176
5,2022,86.913,93.127,55.671,82.589,95.95
5,2023,86.81,93.103,56.737,81.915,95.701
5,2024,86.937,93.597,58.203,74.731,95.312
6,2008,111.22,107.413,161.361,111.411,101.932
6,2009,110.696,104.687,160.404,112.819,101.998
6,2010,109.703,103.023,158.028,117.197,101.665
6,2011,109.503,103.597,157.145,115.298,101.604
6,2012,109.666,104.095,156.194,117.08,101.945
6,2013,109.667,104.288,155.709,121.446,101.796
6,2014,109.926,104.339,157.935,128.277,101.899
6,2015,110.685,105.536,158.044,129.312,102.75
6,2016,109.956,104.385,160.083,129.462,101.909
6,2017,110.998,104.466,162.521,130.666,103.26
6,2018,111.882,105.508,163.834,125.054,104.265
6,2019,111.134,106.179,164.636,130.969,102.444
6,2020,111.944,106.661,166.329,133.5,101.934
6,2021,111.918,108.144,164.99,144.187,102.11
6,2022,112.591,108.415,160.121,152.286,103.856
6,2023,112.195,106.766,157.831,147.282,104.384
6,2024,110.72,106.098,154.346,158.899,102.591
8,2008,103.315,104.436,113.855,78.335,100.901
8,2009,102.378,102.119,113.15,78.751,100.494
8,2010,100.59,101.267,112.151,83.911,97.526
8,2011,103.384,101.609,118.781,90.997,100.351
8,2012,103.138,101.351,115.653,85.692,101.397
8,2013,103.099,101.018,118.014,83.488,101.03
8,2014,103.068,100.171,120.756,96.816,100.041
8,2015,103.048,99.748,123.873,89.158,99.814
8,2016,102.716,99.775,126.18,89.326,98.534
8,2017,102.946,99.531,128.889,86.066,98.76
8,2018,100.29,97.572,128.338,84.522,95.304
8,2019,102.491,101.582,131.041,88.401,95.907
8,2020,103.774,101.994,130.4,88.472,97.826
8,2021,102.765,101.776,129.43,85.416,96.748
8,2022,102.26,101.153,129.53,89.402,96.139
8,2023,101.856,99.179,130.501,86.763,96.461
8,2024,103.052,98.727,127.359,84.971,99.613
9,2008,110.451,109.579,131.408,154.518,104.566
9,2009,110.72,108.665,136.981,157.079,104.095
9,2010,106.999,103.6,129.003,146.668,102.276
9,2011,107.834,103.812,129.709,138.338,103.945
9,2012,107.595,104.592,131.541,135.089,102.687
9,2013,107.731,104.271,129.56,134.234,103.589
9,2014,107.015,103.392,127.716,135.62,103.196
9,2015,107.536,103.167,132.47,139.094,103.319
9,2016,107.477,103.557,127.433,142.796,104.028
9,2017,107.228,104.422,121.44,144.606,104.394
9,2018,104.015,101.432,122.203,140.713,100.15
9,2019,103.915,98.73,118.018,143.385,102.25
9,2020,105.119,99.011,123.162,159.9,102.44
9,2021,102.886,96.989,120.905,146.482,100.845
9,2022,106.362,101.095,119.758,140.026,104.94
9,2023,104.201,98.6,116.63,153.214,102.979
9,2024,103.61,97.33,117.048,146.495,102.658
10,2008,100.753,103.51,93.736,111.85,100.607
10,2009,102.077,101.939,104.504,117.737,100.588
10,2010,101.545,101.52,99.375,116.396,101.476
10,2011,100.441,102.507,98.182,117.189,99.0
10,2012,99.566,99.436,98.121,117.261,99.288
10,2013,98.624,97.113,98.895,111.723,98.938
10,2014,99.708,95.653,103.868,105.0,100.98
10,2015,97.913,97.123,95.175,103.984,98.975
10,2016,98.478,98.6,94.403,102.975,99.472
10,2017,98.499,96.472,94.651,101.969,100.859
10,2018,99.252,96.806,99.301,99.485,100.805
10,2019,98.824,95.719,96.016,99.575,101.704
10,2020,96.791,94.497,91.873,98.398,100.048
10,2021,97.425,94.526,96.955,93.511,99.865
10,2022,98.007,94.641,99.095,95.657,100.124
10,2023,98.759,97.295,98.932,104.409,99.4
10,2024,99.808,96.155,102.015,103.81,101.235
11,2008,112.368,112.19,156.775,126.645,105.297
11,2009,113.017,112.779,163.288,130.051,105.045
11,2010,114.226,109.393,182.567,117.196,105.972
11,2011,114.058,107.775,189.525,114.553,106.003
11,2012,111.644,105.744,177.233,110.895,104.288
11,2013,113.521,110.758,174.258,113.939,105.099
11,2014,114.242,105.512,191.339,109.776,106.878
11,2015,113.321,105.684,178.359,113.368,106.848
11,2016,112.415,106.386,184.558,113.09,104.743
11,2017,110.146,104.525,176.946,111.63,102.861
11,2018,111.317,107.024,177.233,106.84,103.694
11,2019,109.228,104.732,170.405,106.071,102.121
11,2020,110.881,105.522,164.93,106.297,103.734
11,2021,111.572,107.837,175.503,114.53,102.302
11,2022,112.594,107.313,176.821,104.527,104.225
11,2023,110.713,106.547,168.096,108.958,102.866
11,2024,109.901,106.502,154.984,112.821,102.964
12,2008,101.668,98.894,115.063,98.621,99.015
12,2009,100.491,96.986,111.036,101.197,98.966
12,2010,100.392,97.282,108.671,96.177,99.757
12,2011,100.846,97.353,108.237,95.335,100.961
12,2012,101.072,98.016,108.822,93.501,100.905
12,2013,100.742,98.609,107.43,93.632,100.268
12,2014,100.894,98.324,108.212,95.317,100.5
12,2015,101.29,97.424,109.263,92.394,101.798
12,2016,101.087,97.541,109.395,89.913,101.337
12,2017,100.871,98.383,110.485,87.462,100.108
12,2018,100.318,97.69,110.722,91.102,99.208
12,2019,99.645,96.112,112.019,94.359,98.301
12,2020,100.604,97.414,113.588,89.813,98.815
12,2021,101.389,98.358,112.944,89.964,100.399
12,2022,102.284,98.019,116.299,94.767,101.18
12,2023,103.636,98.195,123.169,93.739,101.507
12,2024,103.414,98.059,122.107,90.074,101.324
13,2008,94.254,94.441,82.749,91.012,99.088
13,2009,91.854,95.885,83.201,89.392,92.545
13,2010,94.574,96.557,81.465,93.128,98.565
13,2011,93.666,96.813,80.917,97.802,95.96
13,2012,95.298,97.228,80.474,98.028,99.593
13,2013,94.868,97.869,79.38,97.684,98.544
13,2014,94.962,97.245,79.43,96.783,99.069
13,2015,94.717,97.006,80.455,98.421,98.04
13,2016,94.991,97.199,81.228,98.093,98.261
13,2017,95.275,97.164,81.731,99.431,98.57
13,2018,94.832,97.762,81.806,94.443,97.396
13,2019,94.392,96.447,81.847,96.813,97.34
13,2020,94.478,96.381,83.079,96.841,97.42
13,2021,95.713,96.622,85.384,95.674,98.817
13,2022,95.678,97.631,87.644,97.5,96.844
13,2023,96.494,97.697,88.293,92.326,98.833
13,2024,96.293,98.929,88.694,92.814,97.343
15,2008,109.773,106.754,146.805,210.551,99.239
15,2009,112.715,108.869,145.89,180.341,103.498
15,2010,109.56,108.553,143.051,161.445,99.441
15,2011,109.94,108.46,142.953,214.597,99.512
15,2012,108.393,106.221,137.589,209.693,99.149
15,2013,112.319,108.988,153.495,209.999,100.886
15,2014,110.596,109.052,146.484,195.343,99.723
15,2015,111.504,110.683,153.726,176.909,99.773
15,2016,109.901,112.285,139.348,168.692,99.146
15,2017,110.466,112.606,149.674,169.979,98.274
15,2018,110.929,116.577,143.002,195.323,98.346
15,2019,111.767,115.259,142.64,203.823,100.164
15,2020,113.279,112.445,136.43,189.782,104.029
15,2021,112.564,110.146,140.322,181.981,104.353
15,2022,111.148,111.959,132.25,196.374,102.767
15,2023,109.703,110.346,128.69,191.733,102.094
15,2024,109.951,111.562,125.304,190.178,102.898
16,2008,94.953,99.217,81.407,66.403,100.474
16,2009,94.843,100.583,79.022,72.184,100.132
16,2010,93.2,99.041,75.823,76.137,98.346
16,2011,94.115,99.599,74.687,76.606,100.637
16,2012,93.477,98.114,75.338,79.837,99.32
16,2013,93.681,96.344,78.704,80.955,99.754
16,2014,93.691,97.152,76.943,82.292,99.691
16,2015,94.281,100.282,74.196,83.517,99.426
16,2016,92.998,99.595,73.849,84.472,97.022
16,2017,94.518,101.143,74.138,79.73,99.527
16,2018,91.736,96.192,77.506,73.937,95.618
16,2019,92.437,98.902,75.677,74.687,96.463
16,2020,91.023,95.436,76.256,75.205,95.723
16,2021,91.563,96.616,84.161,68.39,92.043
16,2022,91.802,96.062,87.66,66.314,91.872
16,2023,92.236,95.901,86.853,68.053,93.26
16,2024,95.494,96.311,90.027,70.444,99.015
17,2008,100.316,99.378,103.047,94.201,100.523
17,2009,101.607,101.676,103.928,89.927,101.607
17,2010,101.778,102.152,104.955,90.755,101.312
17,2011,101.971,102.627,104.202,90.068,101.64
17,2012,100.947,101.083,102.294,86.956,101.263
17,2013,100.175,99.895,103.047,81.253,100.675
17,2014,99.697,100.479,102.823,88.405,99.025
17,2015,98.903,98.589,103.287,89.374,98.408
17,2016,99.498,98.196,101.386,89.688,100.219
17,2017,100.254,100.055,99.945,91.414,100.888
17,2018,100.416,101.542,99.171,91.81,100.56
17,2019,99.453,102.832,97.68,83.93,98.909
17,2020,100.315,101.312,97.642,84.741,101.418
17,2021,101.321,103.7,96.165,86.068,102.095
17,2022,101.205,102.744,94.087,88.189,103.022
17,2023,98.752,101.596,92.404,80.449,99.817
17,2024,99.958,103.832,93.944,84.952,100.156
18,2008,91.943,92.831,76.023,85.756,98.269
18,2009,92.555,94.694,75.195,88.137,98.318
18,2010,93.022,96.459,76.559,82.751,97.835
18,2011,92.38,96.44,76.829,85.528,95.652
18,2012,92.751,97.454,74.969,85.856,96.468
18,2013,92.881,97.183,75.785,86.136,96.741
18,2014,92.638,98.24,75.103,84.447,95.799
18,2015,91.415,97.62,73.773,85.214,94.003
18,2016,91.346,96.926,72.608,83.718,94.845
18,2017,90.875,95.883,72.819,88.226,94.012
18,2018,92.802,97.897,73.064,91.969,96.63
18,2019,92.829,96.577,71.873,88.667,98.316
18,2020,91.763,94.958,70.998,90.106,98.009
18,2021,92.579,95.694,71.364,90.822,98.303
18,2022,91.875,94.259,70.667,86.762,98.088
18,2023,92.097,95.572,71.332,84.719,97.682
18,2024,93.329,95.509,73.926,85.545,99.145
19,2008,87.351,86.823,66.588,84.833,96.453
19,2009,89.75,91.141,70.226,86.2,96.784
19,2010,91.139,95.373,70.041,88.595,96.306
19,2011,89.832,95.373,71.287,84.32,92.937
19,2012,90.793,96.327,71.077,85.069,94.542
19,2013,90.853,95.854,71.739,85.946,94.665
19,2014,90.97,96.853,72.076,83.066,94.32
19,2015,89.528,96.843,70.031,82.24,91.942
19,2016,89.439,95.838,70.951,82.903,92.216
19,2017,89.213,94.906,72.78,87.435,91.218
19,2018,91.797,95.8,71.328,97.2,96.212
19,2019,91.804,97.215,69.467,97.031,96.318
19,2020,90.61,95.518,67.151,97.312,96.235
19,2021,89.77,94.072,66.236,99.122,95.323
19,2022,88.351,93.307,67.107,98.065,91.974
19,2023,88.769,96.624,65.979,87.281,92.259
19,2024,87.762,93.73,65.322,83.274,92.927
20,2008,89.864,88.693,73.584,85.383,96.679
20,2009,91.846,93.669,74.661,87.602,96.944
20,2010,92.991,95.463,75.305,89.814,97.667
20,2011,92.772,95.817,77.671,87.04,96.244
20,2012,93.303,96.914,75.557,86.988,97.513
20,2013,92.606,96.248,74.998,89.501,96.517
20,2014,93.138,96.962,74.101,87.648,97.525
20,2015,92.814,97.364,75.063,90.461,95.946
20,2016,92.059,96.419,73.441,92.719,95.616
20,2017,91.555,95.819,73.166,96.879,94.796
20,2018,92.436,94.992,72.26,103.916,96.995
20,2019,92.734,97.13,71.86,99.859,96.981
20,2020,92.251,95.854,72.157,101.52,97.118
20,2021,91.27,93.802,69.77,100.747,96.601
20,2022,89.609,93.575,69.909,102.966,92.873
20,2023,89.908,96.486,68.586,90.82,93.001
20,2024,90.068,94.027,71.156,88.438,93.816
21,2008,89.84,96.326,64.243,73.473,97.635
21,2009,88.539,93.475,64.771,73.724,96.585
21,2010,90.433,96.599,66.572,75.446,97.376
21,2011,90.458,95.412,64.645,78.958,98.651
21,2012,90.687,93.952,66.24,82.439,99.219
21,2013,90.892,95.005,66.136,82.736,99.145
21,2014,91.063,95.094,65.519,85.353,99.055
21,2015,90.733,94.15,66.279,85.808,98.518
21,2016,90.676,95.35,64.29,85.654,98.401
21,2017,89.985,94.645,63.68,85.563,97.334
21,2018,89.071,93.291,64.711,79.178,96.318
21,2019,89.597,94.861,64.286,77.471,96.911
21,2020,89.078,94.321,64.827,76.152,96.43
21,2021,89.246,93.959,63.426,79.661,96.491
21,2022,89.402,94.057,62.227,81.815,97.045
21,2023,89.89,94.538,62.899,80.92,97.914
21,2024,90.159,95.967,64.313,75.313,97.25
22,2008,91.468,96.441,67.741,87.832,97.667
22,2009,90.18,94.026,71.036,73.091,96.798
22,2010,92.198,96.758,71.453,80.089,98.371
22,2011,92.729,96.203,72.04,78.446,99.71
22,2012,92.908,95.591,73.115,75.009,100.497
22,2013,92.927,96.202,72.151,79.978,100.141
22,2014,93.401,96.422,73.138,80.7,100.127
22,2015,92.834,95.422,71.514,79.066,100.446
22,2016,93.6,96.084,72.914,78.565,101.099
22,2017,92.364,95.813,70.992,77.806,99.195
22,2018,90.755,93.559,69.189,76.532,98.222
22,2019,91.159,95.09,70.841,77.413,97.153
22,2020,91.141,94.56,67.997,76.778,99.513
22,2021,91.373,95.164,66.8,80.73,98.776
22,2022,90.489,93.954,66.885,84.337,97.346
22,2023,88.7,93.009,65.11,76.732,95.635
22,2024,88.207,93.7,63.104,71.463,95.706
23,2008,98.443,100.212,84.761,137.732,100.905
23,2009,98.663,100.661,86.01,136.766,101.006
23,2010,97.509,98.082,88.104,126.836,99.767
23,2011,96.111,98.277,84.916,125.46,98.095
23,2012,96.955,98.97,87.311,121.078,98.381
23,2013,98.329,98.386,89.816,117.851,100.848
23,2014,92.521,98.156,70.452,120.769,96.661
23,2015,95.879,99.321,77.047,121.375,99.991
23,2016,97.216,98.938,83.781,122.125,100.433
23,2017,97.559,100.18,79.199,124.069,102.193
23,2018,97.649,100.94,83.83,128.731,99.633
23,2019,95.607,99.401,71.507,131.897,101.504
23,2020,97.888,99.503,80.994,133.54,102.814
23,2021,97.343,99.227,80.933,128.006,101.429
23,2022,100.746,101.092,83.491,138.295,106.064
23,2023,97.964,98.331,80.41,148.199,103.314
23,2024,97.05,97.171,78.94,135.189,103.191
24,2008,108.81,104.777,132.407,123.938,104.04
24,2009,110.406,107.811,134.587,128.541,104.123
24,2010,108.418,104.027,133.425,114.376,103.876
24,2011,109.342,104.817,135.458,108.438,104.992
24,2012,107.418,103.616,133.632,105.913,102.704
24,2013,108.527,104.634,137.389,107.899,103.031
24,2014,107.879,102.746,136.301,102.889,103.67
24,2015,107.913,101.972,131.505,107.204,105.14
24,2016,107.222,102.398,128.755,114.099,103.859
24,2017,106.75,101.884,127.738,108.734,103.84
24,2018,106.311,102.428,128.333,102.969,102.775
24,2019,105.087,101.166,128.3,103.965,101.134
24,2020,106.396,102.426,128.12,104.612,102.368
24,2021,106.099,103.513,124.171,105.07,102.434
24,2022,104.89,102.876,122.983,102.14,101.103
24,2023,104.602,103.249,119.858,108.719,100.808
24,2024,104.959,102.524,121.079,110.86,101.596
25,2008,106.047,98.392,126.542,150.037,104.767
25,2009,105.455,97.747,130.261,142.576,103.273
25,2010,104.772,99.657,129.092,114.169,102.005
25,2011,104.747,101.385,128.622,120.237,100.903
25,2012,104.488,101.224,129.313,127.42,100.341
25,2013,103.298,100.805,129.121,115.454,98.755
25,2014,104.533,103.958,129.893,109.978,99.355
25,2015,105.086,102.157,130.005,117.737,101.021
25,2016,108.161,103.74,130.539,133.16,104.943
25,2017,107.406,103.829,130.6,148.837,103.285
25,2018,107.422,102.316,128.633,151.656,104.263
25,2019,107.151,103.58,130.075,150.386,102.894
25,2020,109.101,105.339,134.737,162.333,103.429
25,2021,106.698,105.633,129.006,155.839,100.852
25,2022,109.431,107.089,128.547,151.323,104.877
25,2023,107.675,100.042,130.144,166.124,105.02
25,2024,105.757,98.82,128.068,152.07,102.852
26,2008,95.855,95.328,87.756,95.812,99.296
26,2009,96.044,97.744,85.047,103.343,98.677
26,2010,96.187,98.211,86.793,104.788,97.814
26,2011,95.188,98.502,83.858,104.916,96.478
26,2012,94.979,98.198,83.248,106.399,96.45
26,2013,95.192,98.372,82.703,105.923,96.989
26,2014,95.473,98.564,83.341,99.348,97.448
26,2015,93.713,97.752,80.739,99.434,95.251
26,2016,93.637,97.712,82.391,100.023,94.577
26,2017,92.727,97.334,80.997,101.165,93.358
26,2018,94.518,98.463,80.701,102.37,96.249
26,2019,95.359,96.142,81.969,98.742,99.225
26,2020,94.431,95.943,80.667,103.078,98.127
26,2021,94.281,94.698,80.683,101.741,98.374
26,2022,93.589,93.265,80.836,97.677,97.932
26,2023,94.296,95.791,78.936,99.706,98.499
26,2024,96.217,95.993,82.332,100.15,100.933
27,2008,96.793,96.222,97.61,84.764,97.684
27,2009,98.701,99.738,95.862,84.138,99.845
27,2010,97.587,98.147,92.954,83.638,99.537
27,2011,97.237,99.171,92.597,82.839,98.243
27,2012,97.385,99.567,94.808,85.657,97.395
27,2013,97.458,98.471,94.854,85.879,98.257
27,2014,98.307,100.985,93.047,87.169,98.919
27,2015,97.678,100.125,97.248,86.076,96.97
27,2016,97.192,98.404,95.285,90.175,97.364
27,2017,96.739,100.046,95.364,90.611,95.565
27,2018,99.599,100.958,95.446,96.421,100.173
27,2019,98.759,100.469,97.472,92.734,98.433
27,2020,97.766,99.172,90.648,91.922,99.551
27,2021,98.396,100.247,93.08,92.063,99.218
27,2022,97.457,99.872,97.295,89.095,96.438
27,2023,98.302,102.06,90.657,89.38,98.91
27,2024,98.621,100.519,91.281,90.836,100.213
28,2008,88.077,96.017,59.336,85.773,96.576
28,2009,85.639,92.946,58.12,81.719,94.658
28,2010,88.305,96.568,59.997,82.038,96.632
28,2011,88.892,95.381,60.395,82.246,98.475
28,2012,88.571,93.408,59.842,84.863,99.185
28,2013,88.902,94.648,59.591,85.353,99.389
28,2014,88.96,94.155,59.13,88.63,99.557
28,2015,88.264,93.449,58.588,90.073,98.754
28,2016,88.489,94.386,59.115,85.786,98.426
28,2017,87.737,93.817,59.06,87.168,96.698
28,2018,86.157,93.095,56.68,81.019,95.689
28,2019,86.527,94.907,55.388,79.41,96.163
28,2020,85.583,94.641,55.312,78.201,95.194
28,2021,86.222,94.228,56.145,80.653,94.692
28,2022,87.336,94.176,56.789,80.354,97.097
28,2023,86.792,94.443,54.923,83.484,97.669
28,2024,86.953,96.219,56.456,78.415,96.09
29,2008,88.434,87.385,73.204,78.368,95.61
29,2009,90.487,91.534,72.374,83.044,96.909
29,2010,93.105,96.458,74.479,87.21,97.981
29,2011,92.499,95.279,74.602,88.667,97.086
29,2012,92.436,95.829,73.624,89.618,96.835
29,2013,92.807,96.793,75.047,87.886,96.626
29,2014,93.351,97.63,73.341,83.074,98.273
29,2015,92.262,97.376,73.226,87.95,95.748
29,2016,91.676,96.286,72.324,85.241,95.648
29,2017,91.735,96.021,70.61,89.967,96.305
29,2018,91.806,96.012,70.364,92.67,96.485
29,2019,92.52,98.152,70.921,92.82,96.468
29,2020,92.162,99.031,70.27,93.591,95.971
29,2021,92.012,98.469,70.065,91.615,95.272
29,2022,90.991,96.709,69.253,83.842,94.882
29,2023,91.104,97.3,70.491,85.647,94.402
29,2024,90.817,96.299,69.88,79.406,95.169
30,2008,94.079,99.765,69.434,76.511,100.695
30,2009,93.196,99.678,67.882,75.94,99.771
30,2010,92.445,99.257,69.864,80.51,97.951
30,2011,94.232,99.644,73.077,85.265,99.606
30,2012,93.187,97.683,72.342,84.817,98.541
30,2013,92.88,95.917,71.848,84.682,99.697
30,2014,95.152,97.224,81.226,84.208,99.663
30,2015,94.974,101.35,73.85,85.852,99.416
30,2016,93.862,101.872,73.095,86.962,96.729
30,2017,94.202,101.905,70.523,83.182,99.245
30,2018,92.401,96.181,76.58,76.893,96.591
30,2019,94.24,98.933,79.513,79.222,97.312
30,2020,91.972,95.88,75.67,79.22,96.269
30,2021,91.328,96.765,79.29,74.693,92.54
30,2022,90.179,96.374,74.324,72.922,92.685
30,2023,91.014,96.481,76.782,72.788,93.615
30,2024,94.645,96.006,84.648,72.254,98.715
31,2008,89.575,89.501,71.591,76.102,97.204
31,2009,90.645,92.406,71.492,78.056,97.087
31,2010,92.061,95.476,74.572,79.751,96.417
31,2011,91.377,95.513,75.894,78.763,94.495
31,2012,92.284,96.461,75.523,81.366,95.599
31,2013,91.812,95.911,73.539,82.213,95.631
31,2014,91.757,96.98,73.4,78.656,95.271
31,2015,91.166,97.115,75.41,80.092,93.089
31,2016,90.767,96.175,74.314,79.393,93.286
31,2017,89.807,95.104,72.486,82.221,92.431
31,2018,91.838,94.616,73.197,87.322,96.52
31,2019,92.531,97.155,72.715,86.077,96.733
31,2020,92.808,96.049,76.409,87.202,96.697
31,2021,91.956,94.58,75.61,86.34,95.859
31,2022,89.844,93.861,73.34,84.785,92.462
31,2023,90.288,96.547,74.346,79.425,91.855
31,2024,90.103,94.101,75.174,75.604,92.98
32,2008,101.23,96.146,119.284,94.866,99.36
32,2009,103.054,101.493,111.315,100.471,101.089
32,2010,100.78,98.105,108.019,105.209,99.66
32,2011,102.211,99.415,106.7,100.244,102.696
32,2012,101.586,99.615,104.1,101.612,102.109
32,2013,99.84,97.536,101.797,97.213,101.041
32,2014,99.184,96.409,97.81,105.481,101.479
32,2015,98.592,96.031,98.742,104.174,100.165
32,2016,97.191,95.204,97.795,93.145,98.651
32,2017,99.854,99.586,100.174,88.699,100.6
32,2018,96.226,95.695,102.569,83.194,95.427
32,2019,98.838,98.786,105.623,87.248,97.345
32,2020,97.191,96.387,105.89,85.028,95.408
32,2021,95.356,96.758,107.869,76.314,91.558
32,2022,96.339,97.089,111.728,83.799,91.977
32,2023,97.861,96.828,113.316,91.271,94.26
32,2024,99.979,96.271,114.135,90.51,98.744
33,2008,106.112,98.727,118.505,134.3,106.839
33,2009,105.15,98.277,122.726,138.38,103.832
33,2010,104.026,98.312,123.217,126.84,101.9
33,2011,103.462,99.747,119.454,131.725,100.743
33,2012,102.921,99.716,121.428,130.533,99.266
33,2013,102.79,99.348,123.591,123.945,98.954
33,2014,102.091,101.514,115.328,126.594,98.297
33,2015,103.98,101.145,119.65,131.023,100.794
33,2016,105.096,101.622,112.567,137.12,104.341
33,2017,105.78,101.773,119.647,143.76,103.462
33,2018,103.549,101.164,108.631,142.819,102.523
33,2019,104.001,100.672,110.728,144.956,103.133
33,2020,105.269,101.812,115.815,144.015,103.43
33,2021,102.568,102.117,107.016,140.883,100.646
33,2022,107.847,104.593,121.469,149.225,105.119
33,2023,105.393,100.042,114.516,156.224,105.06
33,2024,104.165,98.578,114.947,133.663,103.879
34,2008,107.565,103.692,153.355,132.521,98.713
34,2009,110.969,104.486,149.139,134.976,104.671
34,2010,108.796,100.122,150.35,130.368,103.653
34,2011,109.221,102.128,145.757,128.257,104.32
34,2012,109.274,104.27,149.428,126.425,102.343
34,2013,108.83,104.746,147.491,122.733,101.668
34,2014,109.032,101.977,147.535,111.181,104.421
34,2015,108.973,103.792,145.268,107.421,103.862
34,2016,109.059,103.487,145.621,112.006,103.888
34,2017,109.298,101.766,140.544,110.571,106.467
34,2018,111.019,106.894,141.403,113.308,106.144
34,2019,111.188,105.34,141.15,117.236,107.295
34,2020,110.722,105.502,139.496,120.726,106.01
34,2021,109.157,101.826,134.884,115.504,107.318
34,2022,108.759,104.754,135.688,105.52,104.967
34,2023,108.941,105.761,134.093,114.771,104.486
34,2024,108.805,107.066,134.292,114.187,103.529
35,2008,95.11,97.716,81.065,82.628,99.813
35,2009,95.959,100.604,79.523,80.896,100.87
35,2010,94.51,97.71,78.057,90.52,99.424
35,2011,97.078,98.65,83.489,93.25,101.86
35,2012,96.47,99.107,82.224,94.238,100.433
35,2013,95.574,97.562,81.303,93.33,100.075
35,2014,95.471,97.105,80.342,98.051,100.326
35,2015,95.396,98.406,78.836,95.292,99.798
35,2016,94.46,97.973,79.345,92.143,97.98
35,2017,95.721,100.796,77.872,92.414,99.528
35,2018,91.656,96.247,75.143,82.023,95.491
35,2019,92.969,99.274,74.035,80.814,97.26
35,2020,91.805,97.038,75.415,83.88,95.735
35,2021,89.735,96.839,72.935,81.699,91.758
35,2022,90.929,97.711,75.683,83.421,92.424
35,2023,90.981,97.417,75.25,77.909,93.78
35,2024,92.212,96.144,73.611,77.895,98.54
36,2008,111.358,112.058,130.887,147.591,104.923
36,2009,110.997,109.508,133.008,145.798,105.035
36,2010,109.744,108.215,135.213,140.658,103.407
36,2011,110.838,107.92,137.138,138.304,105.259
36,2012,109.623,108.582,136.225,131.69,103.308
36,2013,109.724,107.37,135.954,133.835,104.143
36,2014,108.853,107.739,135.794,130.395,102.705
36,2015,109.583,108.129,134.327,123.178,104.363
36,2016,110.086,107.952,133.736,124.48,105.415
36,2017,109.988,108.293,130.961,128.567,105.571
36,2018,109.507,106.808,129.993,135.395,105.548
36,2019,109.426,105.123,129.316,133.735,106.44
36,2020,110.13,105.699,132.33,138.698,105.872
36,2021,109.564,101.724,131.476,137.922,107.86
36,2022,107.557,104.391,124.713,129.729,104.322
36,2023,107.842,105.118,121.963,135.374,104.944
36,2024,107.921,107.254,122.168,134.37,104.067
37,2008,92.449,96.613,74.276,85.355,97.737
37,2009,91.262,94.282,75.265,85.538,96.55
37,2010,92.899,96.915,75.389,87.603,98.121
37,2011,93.572,96.359,76.346,87.331,99.517
37,2012,93.509,95.556,75.771,90.527,99.868
37,2013,93.732,96.004,75.954,89.837,100.023
37,2014,93.826,95.71,76.334,90.377,100.165
37,2015,93.588,94.962,75.763,90.959,100.302
37,2016,93.801,95.864,74.661,88.401,100.702
37,2017,93.025,95.682,75.488,85.352,98.842
37,2018,92.894,95.705,75.286,86.841,98.289
37,2019,91.866,95.665,75.422,89.171,95.792
37,2020,91.345,95.404,74.982,87.716,95.531
37,2021,93.734,96.231,75.977,84.57,99.619
37,2022,94.013,95.56,78.77,82.49,99.698
37,2023,94.399,96.793,80.848,83.625,98.651
37,2024,94.326,96.621,81.364,88.619,98.186
38,2008,85.891,84.975,63.159,73.11,96.304
38,2009,87.852,90.035,64.358,71.837,96.074
38,2010,89.083,94.872,61.863,75.472,95.386
38,2011,89.549,94.861,69.121,73.257,93.684
38,2012,91.997,95.65,76.781,74.346,95.477
38,2013,92.225,95.604,80.067,74.914,94.658
38,2014,92.45,97.361,78.426,73.304,94.651
38,2015,91.063,97.317,78.073,74.147,92.072
38,2016,91.588,96.031,86.058,74.92,91.46
38,2017,88.664,94.65,71.547,77.183,91.134
38,2018,91.168,94.036,72.08,84.641,95.81
38,2019,93.191,96.573,76.983,84.696,96.511
38,2020,91.816,96.4,72.102,85.568,96.321
38,2021,90.962,94.199,70.781,88.043,95.065
38,2022,88.703,94.057,65.75,82.973,92.541
38,2023,88.174,96.996,69.255,75.031,89.628
38,2024,88.959,95.701,71.421,73.669,91.158
39,2008,92.531,92.25,77.134,98.792,97.78
39,2009,93.493,93.962,76.126,99.686,99.1
39,2010,93.105,94.441,76.29,94.193,98.083
39,2011,92.191,94.721,75.589,93.138,96.082
39,2012,93.014,96.238,76.298,93.438,96.43
39,2013,93.26,96.956,77.571,95.003,95.958
39,2014,93.019,97.217,75.489,91.862,96.144
39,2015,92.218,96.66,75.578,91.318,94.766
39,2016,92.333,96.145,75.118,88.45,95.78
39,2017,91.931,95.314,74.957,89.0,95.421
39,2018,92.985,97.307,74.221,94.481,96.307
39,2019,93.289,95.844,73.452,90.749,98.489
39,2020,91.935,93.876,73.275,91.263,97.529
39,2021,92.223,94.46,72.768,91.893,97.547
39,2022,91.506,92.352,72.774,87.565,97.703
39,2023,91.903,94.152,72.098,89.234,97.519
39,2024,92.774,93.67,73.012,95.823,98.947
40,2008,89.536,96.747,61.91,78.856,97.35
40,2009,88.457,94.178,64.275,75.342,96.115
40,2010,90.562,96.998,65.682,81.215,97.726
40,2011,90.935,96.304,66.056,80.922,98.845
40,2012,91.232,95.243,66.014,82.835,99.93
40,2013,91.527,96.01,67.247,81.647,99.631
40,2014,91.825,95.981,67.83,83.861,99.713
40,2015,91.369,94.964,66.381,85.208,99.873
40,2016,91.514,95.757,66.082,84.912,100.108
40,2017,90.881,95.509,66.049,83.622,98.546
40,2018,89.646,93.403,65.926,79.452,97.713
40,2019,89.332,95.038,64.105,79.213,96.852
40,2020,89.63,94.515,63.495,77.916,99.467
40,2021,89.883,95.813,63.894,79.565,97.618
40,2022,88.807,93.62,63.165,83.17,96.359
40,2023,88.68,93.342,64.981,80.246,95.705
40,2024,87.843,93.778,62.763,73.882,95.458
41,2008,97.802,95.308,98.456,84.178,100.501
41,2009,100.273,101.604,101.48,88.046,99.756
41,2010,99.43,99.682,101.349,86.416,99.454
41,2011,99.789,99.789,100.38,92.572,100.034
41,2012,101.125,100.279,103.282,95.011,101.365
41,2013,100.175,98.463,101.673,89.528,101.649
41,2014,99.745,99.041,103.019,95.346,99.428
41,2015,101.119,99.119,105.383,99.399,101.235
41,2016,99.593,100.373,106.485,95.983,97.148
41,2017,101.474,100.226,110.214,94.516,99.988
41,2018,104.657,104.576,111.042,92.546,103.375
41,2019,103.811,104.457,110.213,95.547,101.781
41,2020,103.243,104.552,109.958,95.626,100.363
41,2021,103.15,106.468,109.244,96.989,99.087
41,2022,106.612,109.126,110.38,90.797,104.461
41,2023,104.812,104.778,109.162,90.978,104.177
41,2024,103.361,105.261,108.628,107.046,100.298
42,2008,99.153,101.813,86.605,109.035,100.763
42,2009,99.488,101.737,86.841,111.86,101.446
42,2010,98.94,99.855,88.479,110.339,101.016
42,2011,98.437,100.38,88.657,113.689,99.359
42,2012,98.003,99.692,88.118,110.142,99.313
42,2013,97.836,98.229,88.954,110.385,99.639
42,2014,97.207,98.36,88.693,102.342,98.694
42,2015,98.147,100.482,88.932,103.627,99.187
42,2016,97.767,100.31,87.869,105.309,98.811
42,2017,99.102,99.933,87.853,108.429,101.522
42,2018,98.151,99.725,87.673,111.417,99.631
42,2019,97.979,97.105,86.474,112.636,101.237
42,2020,97.717,97.354,86.833,109.048,101.058
42,2021,96.145,95.335,86.681,106.1,99.205
42,2022,96.256,96.869,86.35,109.752,98.171
42,2023,97.4,98.431,85.822,118.336,99.415
42,2024,97.572,99.357,85.068,109.321,99.762
44,2008,103.603,100.294,117.576,137.175,100.632
44,2009,103.935,100.917,117.747,138.837,100.581
44,2010,101.802,97.622,115.844,129.904,99.328
44,2011,101.111,97.913,115.295,122.991,98.373
44,2012,99.842,97.546,107.864,117.55,98.257
44,2013,101.446,97.323,108.805,121.608,100.91
44,2014,100.26,97.201,113.808,125.449,97.544
44,2015,102.014,98.646,113.131,129.569,100.065
44,2016,101.59,98.393,108.077,131.393,100.698
44,2017,102.403,99.268,106.712,130.893,102.047
44,2018,102.033,100.77,110.156,138.807,99.417
44,2019,102.39,98.941,108.689,141.196,101.44
44,2020,101.771,98.016,102.878,156.88,102.013
44,2021,102.19,98.197,109.07,146.201,101.198
44,2022,104.453,101.033,104.191,133.564,105.469
44,2023,102.065,98.279,102.657,145.115,102.729
44,2024,102.28,97.165,105.62,146.653,102.84
45,2008,91.953,96.678,72.511,86.149,97.58
45,2009,90.998,94.138,74.611,87.179,96.392
45,2010,92.664,96.708,74.63,89.386,98.205
45,2011,93.183,96.054,75.272,91.161,99.496
45,2012,93.392,95.273,75.702,94.983,99.94
45,2013,93.299,95.97,74.309,94.668,99.876
45,2014,93.231,96.143,73.41,97.359,99.748
45,2015,93.32,95.117,74.555,97.76,100.155
45,2016,93.636,95.903,73.918,96.897,100.682
45,2017,92.84,95.608,74.01,94.525,98.974
45,2018,92.244,95.334,73.924,93.229,97.869
45,2019,91.49,95.656,74.444,95.954,95.671
45,2020,90.873,95.404,74.557,93.676,95.008
45,2021,93.61,96.078,76.098,90.733,99.857
45,2022,93.342,94.47,78.691,89.208,99.415
45,2023,93.477,95.948,80.499,85.849,97.933
45,2024,93.749,96.339,80.49,88.303,98.284
46,2008,85.018,84.318,59.177,77.039,96.133
46,2009,86.061,89.52,56.525,76.684,96.097
46,2010,88.807,94.614,62.155,79.633,95.926
46,2011,87.272,94.655,59.125,76.36,93.639
46,2012,90.336,95.966,68.014,78.878,95.464
46,2013,90.181,95.8,68.292,80.191,95.074
46,2014,89.357,97.203,62.65,78.946,94.916
46,2015,87.799,96.979,62.178,79.767,91.949
46,2016,87.282,95.813,62.101,80.929,91.57
46,2017,87.223,94.622,64.719,83.078,90.94
46,2018,91.206,95.784,66.911,90.529,96.795
46,2019,91.818,97.786,66.283,89.295,97.243
46,2020,91.32,96.637,63.643,90.647,98.239
46,2021,90.105,93.799,64.882,94.867,96.006
46,2022,87.851,93.965,65.057,88.74,91.616
46,2023,88.149,97.4,64.807,81.34,90.992
46,2024,88.586,95.473,67.642,79.651,91.899
47,2008,91.697,96.484,72.531,79.286,97.357
47,2009,90.495,94.01,73.215,79.707,96.305
47,2010,92.356,96.759,73.386,80.21,98.282
47,2011,92.89,96.119,73.225,83.319,99.735
47,2012,93.405,95.296,74.657,84.153,100.686
47,2013,92.994,96.071,73.461,82.024,99.871
47,2014,92.785,96.091,71.926,84.161,99.801
47,2015,92.812,95.058,72.763,83.838,100.107
47,2016,93.81,95.944,74.561,83.393,100.787
47,2017,93.04,95.595,75.14,82.109,98.909
47,2018,89.649,92.306,73.758,77.962,94.486
47,2019,91.262,94.512,76.012,76.276,95.928
47,2020,90.502,94.272,75.786,73.975,95.054
47,2021,90.58,93.882,76.262,76.016,94.536
47,2022,91.8,94.477,76.767,77.345,96.563
47,2023,92.094,94.29,77.92,76.412,97.083
47,2024,91.87,96.247,79.07,72.137,95.142
48,2008,97.068,97.135,87.983,101.428,99.964
48,2009,96.717,96.069,88.199,96.184,100.351
48,2010,97.665,98.107,89.262,98.076,100.344
48,2011,96.986,96.528,89.676,94.438,100.121
48,2012,97.714,97.599,91.094,93.113,100.353
48,2013,98.134,97.571,91.435,95.703,101.03
48,2014,98.437,97.36,93.567,94.863,101.137
48,2015,98.291,97.124,93.957,91.057,101.073
48,2016,98.078,98.439,95.552,91.923,98.992
48,2017,97.435,97.129,95.243,88.022,98.907
48,2018,97.805,97.05,95.248,87.51,99.823
48,2019,98.507,97.868,95.836,87.68,100.497
48,2020,98.759,98.161,95.775,84.983,101.256
48,2021,98.402,98.495,95.582,86.221,100.035
48,2022,97.411,97.218,96.999,88.663,98.245
48,2023,97.14,98.137,97.454,92.42,96.558
48,2024,97.057,98.083,96.503,87.512,97.081
49,2008,96.978,96.857,97.173,70.023,99.41
49,2009,100.037,101.029,100.982,74.408,100.96
49,2010,97.291,98.753,92.604,80.27,99.269
49,2011,99.813,99.967,97.052,83.066,101.975
49,2012,99.412,99.553,96.811,89.125,100.965
49,2013,98.587,97.675,98.038,87.777,100.321
49,2014,97.937,96.747,94.981,90.979,100.51
49,2015,97.636,97.206,93.617,92.68,99.736
49,2016,97.091,95.478,98.99,90.661,98.139
49,2017,98.721,99.187,95.621,85.114,100.25
49,2018,96.018,97.137,96.829,78.017,95.941
49,2019,97.246,99.034,97.326,78.48,96.877
49,2020,95.259,94.829,97.258,78.769,95.991
49,2021,94.481,96.425,99.172,71.864,92.453
49,2022,94.59,94.975,105.305,71.695,92.268
49,2023,95.716,94.719,106.165,73.029,94.494
49,2024,98.864,96.446,107.814,78.739,98.959
50,2008,100.686,100.666,98.834,129.042,100.292
50,2009,101.415,101.224,101.79,134.773,100.277
50,2010,99.379,98.382,98.387,130.307,99.338
50,2011,99.109,98.433,101.353,134.222,97.759
50,2012,99.981,99.047,105.469,135.368,97.843
50,2013,100.424,98.244,98.652,133.008,101.359
50,2014,97.937,98.011,96.902,127.886,97.21
50,2015,100.029,98.977,98.901,126.637,100.214
50,2016,98.224,98.68,87.117,130.198,100.732
50,2017,100.337,99.515,93.296,130.022,102.197
50,2018,100.204,100.702,97.844,128.844,99.776
50,2019,99.604,98.777,94.259,125.861,101.055
50,2020,102.132,98.669,105.255,140.7,102.238
50,2021,98.694,98.349,92.91,130.555,99.917
50,2022,101.033,100.459,88.925,117.504,105.079
50,2023,97.142,97.866,82.256,122.125,101.657
50,2024,97.958,97.274,86.502,125.833,101.586
51,2008,103.204,102.705,112.942,90.929,101.185
51,2009,102.426,101.773,114.183,94.133,99.609
51,2010,103.724,101.665,114.416,92.169,102.403
51,2011,103.425,100.589,114.511,92.346,102.616
51,2012,102.494,99.322,113.385,94.967,101.776
51,2013,103.523,101.285,115.836,92.476,101.848
51,2014,103.454,98.971,115.23,92.911,103.591
51,2015,103.57,98.594,114.868,94.534,104.095
51,2016,102.777,99.194,111.762,94.102,102.895
51,2017,101.222,98.619,110.862,91.54,100.563
51,2018,101.957,99.718,112.595,92.564,100.783
51,2019,100.053,99.06,107.425,94.628,98.711
51,2020,101.003,99.368,111.377,93.859,99.131
51,2021,102.3,101.422,110.147,91.928,100.97
51,2022,102.026,100.492,107.738,92.068,101.868
51,2023,101.331,101.101,105.569,92.386,100.572
51,2024,101.104,100.368,106.799,92.185,100.233
53,2008,104.488,104.427,117.385,79.674,102.433
53,2009,104.631,104.767,116.78,81.86,102.42
53,2010,102.741,103.083,114.326,84.57,100.241
53,2011,103.244,103.698,116.285,87.261,100.17
53,2012,102.541,100.345,113.9,89.867,101.382
53,2013,102.482,100.95,115.006,92.131,100.482
53,2014,103.92,102.235,117.885,90.407,101.84
53,2015,104.4,103.556,119.584,95.312,101.25
53,2016,105.56,102.713,123.093,93.6,103.069
53,2017,107.035,105.885,125.5,92.699,103.495
53,2018,107.124,105.033,128.144,94.461,103.375
53,2019,107.971,106.385,129.503,97.215,103.628
53,2020,107.859,108.915,126.117,97.224,102.133
53,2021,108.804,111.956,125.629,92.161,103.002
53,2022,110.035,113.544,127.615,85.67,104.457
53,2023,108.37,106.853,125.542,84.036,105.635
53,2024,107.013,104.359,125.979,92.86,103.873
54,2008,87.636,96.907,56.475,71.25,97.552
54,2009,86.654,94.436,56.879,75.156,96.129
54,2010,88.909,97.359,58.806,78.306,97.652
54,2011,89.295,96.096,58.908,80.27,98.885
54,2012,89.312,94.224,58.674,84.698,99.684
54,2013,90.246,95.511,60.47,81.2,100.129
54,2014,89.864,95.089,59.326,80.776,100.413
54,2015,90.557,94.391,61.693,86.277,100.22
54,2016,89.805,95.363,59.156,90.779,99.449
54,2017,88.966,94.443,58.609,88.271,97.566
54,2018,89.411,95.35,58.376,85.457,98.455
54,2019,88.518,95.725,58.662,86.483,95.752
54,2020,87.334,95.256,56.486,87.692,95.921
54,2021,90.981,96.619,59.144,85.363,100.266
54,2022,89.157,94.517,53.827,85.326,101.02
54,2023,89.633,95.658,56.2,87.799,99.856
54,2024,89.497,96.539,54.241,92.242,99.94
55,2008,93.159,91.232,84.582,99.114,97.22
55,2009,94.116,94.873,83.684,98.384,97.044
55,2010,94.723,95.571,85.796,99.692,96.95
55,2011,93.742,95.363,86.29,96.718,94.935
55,2012,94.312,96.759,84.591,96.218,95.863
55,2013,93.89,96.073,82.525,98.318,96.063
55,2014,93.799,96.838,80.63,95.922,96.146
55,2015,93.287,98.396,81.187,96.714,93.85
55,2016,93.173,97.334,79.261,96.674,95.058
55,2017,93.531,97.379,81.943,96.992,94.745
55,2018,94.028,98.06,80.023,97.767,95.913
55,2019,94.476,96.694,79.352,92.997,98.343
55,2020,92.666,94.5,75.282,93.869,97.962
55,2021,93.309,95.139,76.128,95.385,98.112
55,2022,92.401,92.525,77.516,89.857,97.817
55,2023,93.22,94.305,78.321,89.49,97.957
55,2024,94.095,94.31,79.312,89.906,99.501
56,2008,95.291,99.314,77.455,70.198,100.705
56,2009,96.618,98.977,88.371,74.239,99.824
56,2010,95.473,98.582,85.011,79.399,98.161
56,2011,97.618,98.817,91.791,83.347,99.724
56,2012,96.265,98.739,85.18,85.381,99.239
56,2013,97.347,97.752,89.988,84.639,100.437
56,2014,97.404,97.779,91.417,86.798,99.94
56,2015,96.941,100.982,83.272,89.284,99.646
56,2016,97.747,101.786,90.64,90.307,98.159
56,2017,97.146,102.111,82.623,87.715,99.877
56,2018,92.372,96.128,75.078,80.503,97.401
56,2019,94.107,98.634,79.122,81.581,97.388
56,2020,91.836,97.237,73.478,82.366,96.396
56,2021,91.44,96.387,77.985,76.177,93.416
56,2022,91.767,96.81,78.945,77.026,93.766
56,2023,91.551,97.108,75.742,74.064,94.784
56,2024,92.691,95.368,71.127,78.422,100.428
