SourceRecordKey,StateID,Year,ResidenceType,HouseholdIncome,HouseholdSize,NumEarners,ChildrenUnderLegalAge,Gender,AgeGroup,HealthLabel,MeasurementDate,DistanceToCareKM,HasInsurance,BMI,ChronicConditionsCount,SelfReportedHealth,MentalHealthScore,SmokingStatus,ExerciseDaysPerWeek
BRFSS2023-06-2023005145,6,2023,Rural,125000,2,,0,Male,70-74,Moderate Risk,2023-07-23,,1,40.7,1,2,5,0,5
BRFSS2023-06-2023010367,6,2023,Urban,175000,2,,0,Female,60-64,Moderate Risk,2024-02-09,,1,20.8,1,4,4,0,5
BRFSS2023-06-2023006188,6,2023,Urban,30000,3,,1,Female,35-39,Optimal,2023-11-07,,1,24.6,0,5,4,0,1
BRFSS2023-06-2023005249,6,2023,Urban,125000,1,,0,Male,50-54,Optimal,2023-07-19,,1,27.6,0,5,4,0,3
BRFSS2023-06-2023004119,6,2023,Urban,,2,,0,Female,65-69,High Burden,2023-05-11,,1,29.1,3,3,4,0,0
BRFSS2023-06-2023008886,6,2023,Urban,125000,2,,0,Female,70-74,Moderate Risk,2023-07-21,,1,25.0,2,4,4,0,4
BRFSS2023-06-2023008227,6,2023,Urban,200000,2,,0,Female,18-24,Moderate Risk,2023-05-16,,1,21.0,1,3,2,0,4
BRFSS2023-06-2023004397,6,2023,Urban,62500,1,,0,Male,30-34,Moderate Risk,2023-05-09,,0,29.8,0,2,5,0,
BRFSS2023-06-2023009248,6,2023,Urban,,2,,0,Female,75-79,Moderate Risk,2023-07-26,,1,19.2,2,4,5,0,
BRFSS2023-06-2023001718,6,2023,Rural,,,,,Male,60-64,Moderate Risk,2023-06-17,,1,,1,3,5,,
BRFSS2023-06-2023002108,6,2023,Urban,125000,3,,1,Male,40-44,Moderate Risk,2023-10-11,,1,23.4,1,5,3,0,7
BRFSS2023-06-2023009538,6,2023,Urban,42500,1,,0,Male,30-34,High Burden,2023-08-31,,1,21.9,2,3,1,0,3
BRFSS2023-06-2023003842,6,2023,Urban,,,,,Male,70-74,Critical Risk,2023-05-30,,1,,5,2,3,,0
BRFSS2023-06-2023010288,6,2023,Urban,62500,4,,1,Male,55-59,Moderate Risk,2024-02-13,,1,25.7,1,5,4,0,5
BRFSS2023-06-2023007584,6,2023,Urban,87500,5,,3,Male,50-54,Optimal,2023-05-19,,1,24.3,0,3,4,0,6
BRFSS2023-06-2023010641,6,2023,Urban,200000,3,,0,Male,30-34,Moderate Risk,2024-02-26,,1,30.2,2,4,3,0,4
BRFSS2023-06-2023007516,6,2023,Urban,62500,3,,1,Female,30-34,Moderate Risk,2023-04-21,,1,26.8,1,4,3,0,7
BRFSS2023-06-2023003806,6,2023,Urban,125000,3,,1,Male,35-39,Optimal,2023-04-29,,1,28.7,0,3,5,0,5
BRFSS2023-06-2023010992,6,2023,Urban,,2,,0,Male,18-24,High Burden,2023-05-11,,,22.6,3,5,4,0,6
BRFSS2023-06-2023011887,6,2023,Urban,125000,1,,0,Female,45-49,Moderate Risk,2023-07-05,,1,26.6,1,3,3,0,7
BRFSS2023-06-2023010970,6,2023,Urban,30000,3,,0,Male,25-29,Moderate Risk,2023-09-25,,0,20.2,1,3,2,0,3
BRFSS2023-06-2023009318,6,2023,Urban,125000,3,,0,Male,50-54,Moderate Risk,2023-07-26,,1,37.3,0,3,5,0,4
BRFSS2023-06-2023000358,6,2023,Urban,,1,,0,Female,80+,Optimal,2023-04-24,,1,,0,4,5,0,0
BRFSS2023-06-2023011531,6,2023,Urban,42500,1,,0,Female,80+,High Burden,2023-09-07,,1,19.4,3,3,5,0,7
BRFSS2023-06-2023004820,6,2023,Urban,42500,5,,2,Female,25-29,Moderate Risk,2023-08-16,,1,33.2,0,2,1,0,5
BRFSS2023-06-2023001229,6,2023,Urban,125000,2,,0,Male,80+,Critical Risk,2024-02-24,,1,29.0,4,1,5,0,0
BRFSS2023-06-2023009081,6,2023,Urban,200000,3,,1,Male,35-39,Optimal,2023-07-25,,1,27.4,0,3,5,0,1
BRFSS2023-06-2023002145,6,2023,Urban,125000,2,,0,Male,75-79,Moderate Risk,2024-02-17,,1,27.0,1,4,5,0,3
BRFSS2023-06-2023010422,6,2023,Urban,30000,2,,0,Male,60-64,Critical Risk,2023-12-15,,1,36.0,6,1,1,0,1
BRFSS2023-06-2023000716,6,2023,Urban,,3,,1,Female,80+,High Burden,2023-07-23,,1,33.5,2,2,5,0,2
BRFSS2023-06-2023011349,6,2023,Urban,,1,,0,Female,18-24,Optimal,2023-06-04,,0,20.1,0,4,5,0,3
BRFSS2023-06-2023002611,6,2023,Urban,,1,,0,Female,80+,Moderate Risk,2024-02-23,,1,22.3,1,4,5,0,1
BRFSS2023-06-2023006735,6,2023,Urban,200000,6,,3,Female,50-54,Moderate Risk,2024-02-17,,1,24.3,1,4,4,0,1
BRFSS2023-06-2023006194,6,2023,Urban,30000,1,,0,Male,65-69,Moderate Risk,2024-02-08,,1,28.9,1,4,5,0,0
BRFSS2023-06-2023007583,6,2023,Urban,30000,1,,0,Female,65-69,Moderate Risk,2023-05-19,,1,25.0,0,2,5,0,5
BRFSS2023-06-2023004465,6,2023,Urban,30000,1,,0,Male,18-24,Optimal,2023-06-26,,0,28.2,0,3,5,0,6
BRFSS2023-06-2023007110,6,2023,Urban,17500,7,,4,Female,35-39,Moderate Risk,2023-02-28,,1,29.6,0,2,5,0,0
BRFSS2023-06-2023001153,6,2023,Urban,175000,2,,0,Female,60-64,High Burden,2024-02-22,,1,28.9,3,3,4,0,4
BRFSS2023-06-2023001322,6,2023,Urban,22500,1,,0,Female,80+,Moderate Risk,2023-10-24,,1,28.4,1,2,2,1,4
BRFSS2023-06-2023007682,6,2023,Urban,125000,2,,0,Male,70-74,Moderate Risk,2023-04-04,,1,27.7,1,3,5,0,2
BRFSS2023-06-2023006427,6,2023,Urban,,1,,0,Male,55-59,Critical Risk,2024-02-13,,1,,3,2,4,,5
BRFSS2023-06-2023007039,6,2023,Urban,42500,1,,0,Male,70-74,High Burden,2023-02-17,,1,25.8,2,2,5,0,6
BRFSS2023-06-2023000579,6,2023,Urban,175000,4,,0,Female,50-54,Moderate Risk,2023-10-08,,1,54.9,0,3,5,0,0
BRFSS2023-06-2023002084,6,2023,Urban,,5,,2,Female,,Optimal,2023-09-30,,1,,0,5,5,0,
BRFSS2023-06-2023008252,6,2023,Urban,200000,6,,2,Female,50-54,Moderate Risk,2023-05-10,,1,21.9,1,4,5,0,0
BRFSS2023-06-2023011952,6,2023,Urban,30000,2,,0,Male,18-24,Optimal,2023-08-31,,1,21.5,0,3,3,0,2
BRFSS2023-06-2023008954,6,2023,Urban,30000,1,,0,Male,65-69,High Burden,2023-07-27,,1,19.5,2,2,4,0,0
BRFSS2023-06-2023009309,6,2023,Urban,175000,2,,0,Female,65-69,Critical Risk,2023-07-19,,1,36.8,3,2,5,0,3
BRFSS2023-06-2023010670,6,2023,Urban,,2,,0,Female,25-29,Moderate Risk,2024-02-15,,1,,0,2,2,0,1
BRFSS2023-06-2023001827,6,2023,Urban,62500,3,,0,Female,80+,High Burden,2023-06-18,,1,21.3,3,3,5,,0
BRFSS2023-06-2023008389,6,2023,Urban,22500,7,,2,Female,55-59,Moderate Risk,2023-06-10,,1,,0,2,4,0,5
BRFSS2023-06-2023001282,6,2023,Urban,,2,,0,Female,70-74,High Burden,2024-02-15,,1,15.1,2,3,2,0,0
BRFSS2023-06-2023001212,6,2023,Urban,,2,,0,Male,80+,Moderate Risk,2024-02-20,,1,26.6,1,3,5,0,3
BRFSS2023-06-2023002381,6,2023,Urban,175000,2,,0,Male,80+,Moderate Risk,2024-02-21,,1,25.8,2,5,5,0,5
BRFSS2023-06-2023005228,6,2023,Urban,17500,1,,0,Female,55-59,Moderate Risk,2023-08-04,,1,29.3,0,3,2,0,0
BRFSS2023-06-2023006737,6,2023,Urban,,2,,1,Female,18-24,Optimal,2024-01-07,,1,20.4,0,4,3,0,3
BRFSS2023-06-2023009459,6,2023,Urban,175000,4,,1,Female,50-54,Moderate Risk,2023-09-02,,1,,1,4,5,0,3
BRFSS2023-06-2023011405,6,2023,Urban,62500,2,,0,Female,70-74,Moderate Risk,2024-01-15,,1,28.3,2,3,4,0,0
BRFSS2023-06-2023008744,6,2023,Urban,42500,1,,0,Female,45-49,Optimal,2023-06-23,,1,20.2,0,4,5,0,2
BRFSS2023-06-2023009229,6,2023,Urban,5000,4,,0,Male,18-24,Optimal,2023-08-07,,0,,0,3,5,0,2
BRFSS2023-06-2023011066,6,2023,Urban,30000,2,,0,Male,18-24,High Burden,2023-08-23,,1,24.4,2,2,1,0,7
BRFSS2023-06-2023007594,6,2023,Urban,,,,,Male,35-39,Moderate Risk,2023-05-18,,1,,1,3,4,,7
BRFSS2023-06-2023011543,6,2023,Urban,,2,,0,Female,40-44,Optimal,2023-11-14,,1,20.8,0,5,4,0,2
BRFSS2023-06-2023003636,6,2023,Urban,200000,3,,1,Male,45-49,Optimal,2023-03-24,,1,27.0,0,4,5,0,7
BRFSS2023-06-2023003288,6,2023,Urban,42500,2,,1,Female,40-44,Moderate Risk,2023-02-25,,1,37.1,1,5,4,0,7
BRFSS2023-06-2023009253,6,2023,Urban,,3,,0,Female,80+,Optimal,2023-07-27,,1,28.4,0,4,4,0,7
BRFSS2023-06-2023010616,6,2023,Urban,22500,1,,0,Female,35-39,Optimal,2024-01-16,,1,27.3,0,5,4,0,2
BRFSS2023-06-2023002030,6,2023,Urban,42500,1,,0,Female,80+,Moderate Risk,2023-08-06,,,22.7,1,2,5,0,7
BRFSS2023-06-2023008297,6,2023,Urban,62500,1,,0,Male,35-39,Moderate Risk,2023-05-14,,1,46.6,0,4,5,0,3
BRFSS2023-06-2023000998,6,2023,Urban,,1,,0,Female,80+,Moderate Risk,2024-02-14,,1,22.1,1,4,5,,
BRFSS2023-06-2023005000,6,2023,Urban,87500,1,,0,Male,55-59,Moderate Risk,2023-07-14,,1,31.3,0,3,5,0,
BRFSS2023-06-2023006650,6,2023,Urban,,1,,0,Male,45-49,Optimal,2024-02-26,,1,,0,5,5,,6
BRFSS2023-06-2023002594,6,2023,Urban,87500,1,,0,Female,65-69,High Burden,2024-01-02,,1,32.9,2,2,5,0,1
BRFSS2023-06-2023003688,6,2023,Urban,125000,6,,1,Male,40-44,Moderate Risk,2023-03-29,,1,34.4,0,3,5,0,0
BRFSS2023-06-2023001517,6,2023,Urban,125000,2,,0,Male,70-74,Moderate Risk,2023-02-23,,1,26.2,1,5,5,0,1
BRFSS2023-06-2023007141,6,2023,Urban,200000,2,,0,Male,25-29,Moderate Risk,2023-03-06,,1,25.1,1,4,2,0,2
BRFSS2023-06-2023005522,6,2023,Urban,87500,3,,1,Female,40-44,Moderate Risk,2023-10-05,,1,38.1,0,3,5,0,5
BRFSS2023-06-2023010003,6,2023,Urban,,4,,0,Female,60-64,Moderate Risk,2024-02-08,,,,1,2,5,0,0
BRFSS2023-06-2023004023,6,2023,Urban,125000,4,,0,Female,50-54,Moderate Risk,2023-05-02,,1,,1,4,4,0,4
BRFSS2023-06-2023003399,6,2023,Urban,42500,3,,1,Female,45-49,Moderate Risk,2023-04-06,,1,,1,2,5,0,4
BRFSS2023-06-2023004097,6,2023,Urban,62500,2,,0,Female,60-64,Moderate Risk,2023-05-03,,1,33.1,1,4,5,0,5
BRFSS2023-06-2023003514,6,2023,Urban,200000,1,,0,Male,50-54,Moderate Risk,2023-03-30,,1,,1,5,1,0,6
BRFSS2023-06-2023002289,6,2023,Urban,30000,5,,1,Female,75-79,Moderate Risk,2023-12-13,,1,20.2,2,4,5,0,0
BRFSS2023-06-2023002687,6,2023,Urban,,3,,0,Female,60-64,Moderate Risk,2023-12-27,,1,18.6,1,3,5,0,7
BRFSS2023-06-2023010759,6,2023,Urban,30000,2,,1,Female,35-39,Moderate Risk,2024-02-26,,1,36.2,0,4,4,0,4
BRFSS2023-06-2023006064,6,2023,Urban,125000,1,,0,Male,65-69,High Burden,2024-01-31,,1,33.5,2,1,4,0,0
BRFSS2023-06-2023001350,6,2023,Urban,125000,2,,0,Male,70-74,High Burden,2023-10-24,,1,28.0,3,4,5,0,2
BRFSS2023-06-2023010694,6,2023,Urban,,4,,0,Female,30-34,Optimal,2024-02-16,,1,19.5,0,4,4,0,3
BRFSS2023-06-2023004723,6,2023,Urban,,,,,Female,45-49,Moderate Risk,2023-06-20,,1,,1,4,5,,2
BRFSS2023-06-2023008033,6,2023,Urban,200000,4,,1,Male,35-39,Moderate Risk,2023-05-04,,1,24.4,1,4,5,0,5
BRFSS2023-06-2023011796,6,2023,Urban,125000,2,,0,Male,25-29,Optimal,2023-11-13,,1,24.4,0,5,5,0,5
BRFSS2023-06-2023002449,6,2023,Urban,200000,2,,0,Male,75-79,Moderate Risk,2023-11-22,,1,23.0,2,3,5,0,6
BRFSS2023-06-2023007226,6,2023,Urban,125000,1,,0,Female,50-54,Moderate Risk,2023-04-20,,1,21.8,2,3,5,0,2
BRFSS2023-06-2023004556,6,2023,Urban,200000,5,,1,Male,30-34,Moderate Risk,2023-06-20,,1,33.4,0,4,3,1,5
BRFSS2023-06-2023008002,6,2023,Urban,87500,6,,3,Male,35-39,Optimal,2023-05-26,,1,27.2,0,5,4,0,7
BRFSS2023-06-2023009469,6,2023,Urban,30000,6,,3,Female,30-34,Moderate Risk,2023-08-30,,1,23.2,1,1,5,0,0
BRFSS2023-06-2023002005,6,2023,Urban,30000,1,,0,Female,70-74,High Burden,2023-07-24,,1,28.9,2,4,1,1,6
BRFSS2023-06-2023000418,6,2023,Urban,62500,2,,0,Female,80+,Critical Risk,2023-04-27,,1,30.5,4,2,4,,2
BRFSS2023-06-2023003353,6,2023,Urban,125000,4,,2,Male,45-49,Optimal,2023-04-05,,1,25.1,0,4,4,0,3
BRFSS2023-06-2023011007,6,2023,Urban,12500,4,,0,Male,60-64,Critical Risk,2023-08-05,,1,30.5,7,1,2,1,0
BRFSS2023-17-2023000085,17,2023,Urban,42500,2,,0,Female,80+,Moderate Risk,2023-04-08,,1,23.2,2,3,5,0,0
BRFSS2023-17-2023002306,17,2023,Urban,42500,4,,1,Male,30-34,Moderate Risk,2023-07-26,,1,28.5,1,2,4,0,1
BRFSS2023-17-2023001170,17,2023,Urban,87500,2,,0,Male,80+,Moderate Risk,2023-04-27,,1,23.0,1,1,5,0,6
BRFSS2023-17-2023001641,17,2023,Rural,87500,2,,0,Female,70-74,Moderate Risk,2023-06-10,,1,27.8,2,3,5,0,2
BRFSS2023-17-2023001385,17,2023,Urban,5000,1,,0,Female,45-49,High Burden,2023-06-16,,1,38.4,2,2,3,0,
BRFSS2023-17-2023005264,17,2023,Urban,22500,3,,0,Female,25-29,Moderate Risk,2024-01-16,,1,31.1,1,3,1,0,3
BRFSS2023-17-2023002059,17,2023,Urban,,3,,0,Male,18-24,Optimal,2023-06-28,,0,27.6,0,3,5,0,5
BRFSS2023-17-2023003559,17,2023,Urban,87500,5,,1,Male,25-29,Moderate Risk,2023-10-28,,1,19.1,0,2,4,0,2
BRFSS2023-17-2023004178,17,2023,Urban,,2,,0,Male,80+,Critical Risk,2024-01-08,,1,27.7,3,2,1,0,0
BRFSS2023-17-2023000772,17,2023,Urban,5000,1,,0,Male,50-54,Moderate Risk,2023-02-15,,1,21.0,0,3,2,1,7
BRFSS2023-17-2023003476,17,2023,Urban,30000,2,,0,Female,25-29,Moderate Risk,2023-11-29,,0,25.4,0,2,5,0,3
BRFSS2023-17-2023004010,17,2023,Urban,,2,,0,Female,70-74,High Burden,2023-11-28,,1,,2,1,5,0,0
BRFSS2023-17-2023003512,17,2023,Urban,62500,2,,0,Male,18-24,Moderate Risk,2023-10-28,,1,23.0,1,3,1,1,1
BRFSS2023-17-2023000722,17,2023,Urban,87500,1,,0,Female,60-64,Moderate Risk,2023-02-28,,1,35.4,0,4,4,0,2
BRFSS2023-17-2023002575,17,2023,Urban,125000,2,,0,Female,50-54,Optimal,2023-08-07,,1,25.0,0,3,5,0,6
BRFSS2023-17-2023002719,17,2023,Urban,62500,2,,0,Male,70-74,Moderate Risk,2023-08-26,,1,32.6,1,4,5,0,5
BRFSS2023-17-2023000960,17,2023,Urban,175000,3,,0,Female,50-54,Moderate Risk,2023-04-27,,1,33.5,1,4,5,0,2
BRFSS2023-17-2023000054,17,2023,Urban,22500,2,,0,Male,18-24,High Burden,2023-02-06,,1,26.6,2,3,2,1,6
BRFSS2023-17-2023003981,17,2023,Urban,42500,4,,3,Female,30-34,Moderate Risk,2023-11-04,,1,35.2,0,3,4,0,1
BRFSS2023-17-2023003909,17,2023,Urban,87500,2,,0,Female,75-79,Moderate Risk,2023-11-28,,1,30.0,1,5,5,0,5
BRFSS2023-17-2023004011,17,2023,Urban,125000,3,,0,Female,55-59,Optimal,2023-11-28,,1,25.7,0,4,5,0,4
BRFSS2023-17-2023000624,17,2023,Urban,30000,1,,0,Male,25-29,Optimal,2023-03-26,,0,26.8,0,5,5,0,4
BRFSS2023-17-2023004624,17,2023,Urban,62500,2,,0,Male,70-74,High Burden,2024-01-28,,1,45.0,3,3,5,0,0
BRFSS2023-17-2023004744,17,2023,Urban,87500,2,,0,Male,35-39,Moderate Risk,2024-01-26,,1,31.8,1,3,3,0,2
BRFSS2023-17-2023003179,17,2023,Urban,17500,7,,3,Female,40-44,Moderate Risk,2023-10-10,,1,24.8,0,2,4,0,5
BRFSS2023-17-2023002020,17,2023,Urban,42500,1,,0,Male,45-49,Optimal,2023-05-31,,1,21.3,0,5,4,0,1
BRFSS2023-17-2023000303,17,2023,Urban,42500,1,,0,Female,80+,Moderate Risk,2023-06-28,,1,27.4,2,3,5,0,3
BRFSS2023-17-2023003517,17,2023,Urban,125000,3,,0,Female,40-44,Optimal,2023-12-07,,1,29.2,0,4,3,0,3
BRFSS2023-17-2023004892,17,2023,Urban,30000,3,,1,Female,25-29,Moderate Risk,2023-05-11,,1,42.5,0,5,4,0,1
BRFSS2023-17-2023004812,17,2023,Urban,30000,3,,2,Female,40-44,Moderate Risk,2023-07-04,,1,41.2,1,5,4,0,0
BRFSS2023-17-2023001646,17,2023,Urban,,4,,0,Female,,Optimal,2023-06-09,,1,,0,5,5,,7
BRFSS2023-17-2023002880,17,2023,Urban,125000,3,,2,Female,45-49,Moderate Risk,2023-09-29,,1,21.0,1,4,5,0,2
BRFSS2023-17-2023000358,17,2023,Urban,87500,2,,0,Female,80+,Moderate Risk,2023-08-21,,1,25.1,1,4,5,0,0
BRFSS2023-17-2023001585,17,2023,Urban,62500,1,,0,Female,35-39,Moderate Risk,2023-05-06,,1,31.3,0,3,4,0,3
BRFSS2023-17-2023000803,17,2023,Urban,87500,1,,0,Female,65-69,Optimal,2023-03-07,,1,22.6,0,5,5,0,5
BRFSS2023-17-2023000071,17,2023,Urban,30000,3,,2,Male,25-29,Moderate Risk,2023-12-09,,0,,0,3,1,0,0
BRFSS2023-17-2023002196,17,2023,Urban,42500,4,,1,Male,40-44,Moderate Risk,2023-08-01,,1,,0,2,5,,6
BRFSS2023-17-2023001467,17,2023,Urban,200000,3,,1,Male,55-59,Moderate Risk,2023-06-09,,1,44.6,2,3,5,0,3
BRFSS2023-17-2023002271,17,2023,Urban,,,,,Female,55-59,Moderate Risk,2023-08-26,,1,,1,3,5,,0
BRFSS2023-17-2023001703,17,2023,Urban,62500,4,,1,Male,65-69,Moderate Risk,2023-07-09,,1,29.2,1,1,5,0,3
BRFSS2023-17-2023004918,17,2023,Rural,62500,2,,0,Female,65-69,Moderate Risk,2023-09-18,,1,37.1,0,4,5,0,3
BRFSS2023-17-2023000425,17,2023,Urban,,2,,0,Female,80+,Optimal,2023-11-29,,1,,0,4,,,
BRFSS2023-17-2023002406,17,2023,Urban,200000,2,,0,Male,80+,High Burden,2023-09-05,,1,25.1,3,3,5,0,2
BRFSS2023-17-2023000469,17,2023,Urban,42500,3,,0,Female,75-79,High Burden,2023-11-03,,1,27.4,3,3,5,0,3
BRFSS2023-17-2023003117,17,2023,Urban,87500,3,,0,Female,65-69,Moderate Risk,2023-10-10,,1,33.3,2,4,5,0,0
BRFSS2023-17-2023003029,17,2023,Urban,,,,,Male,30-34,Moderate Risk,2023-10-16,,0,,1,4,5,,0
BRFSS2023-17-2023003291,17,2023,Urban,175000,1,,0,Male,75-79,Moderate Risk,2023-09-26,,1,17.2,2,4,4,0,3
BRFSS2023-17-2023000299,17,2023,Urban,42500,2,,0,Female,75-79,Moderate Risk,2023-06-27,,1,23.4,1,4,5,0,0
BRFSS2023-17-2023004837,17,2023,Urban,30000,3,,0,Male,18-24,Critical Risk,2023-09-11,,,23.0,3,2,4,1,3
BRFSS2023-17-2023002731,17,2023,Urban,22500,2,,1,Female,50-54,Moderate Risk,2023-08-24,,1,33.1,0,4,5,0,7
BRFSS2023-17-2023002053,17,2023,Urban,5000,1,,0,Female,80+,Moderate Risk,2023-06-28,,1,54.4,2,3,5,0,5
BRFSS2023-17-2023000993,17,2023,Urban,22500,4,,0,Male,65-69,Moderate Risk,2023-04-28,,1,,1,4,5,,0
BRFSS2023-17-2023002820,17,2023,Urban,62500,1,,0,Female,65-69,Moderate Risk,2023-10-12,,1,32.1,1,5,5,0,0
BRFSS2023-17-2023004800,17,2023,Urban,22500,3,,0,Female,25-29,High Burden,2023-07-05,,1,27.6,2,1,1,0,7
BRFSS2023-17-2023004196,17,2023,Urban,22500,3,,0,Female,55-59,Moderate Risk,2024-01-24,,1,20.1,1,3,4,0,3
BRFSS2023-17-2023001004,17,2023,Urban,30000,4,,3,Female,35-39,Moderate Risk,2023-04-27,,0,23.8,0,3,1,0,0
BRFSS2023-17-2023002277,17,2023,Urban,42500,2,,0,Female,50-54,Moderate Risk,2023-08-19,,1,32.5,0,4,5,0,0
BRFSS2023-17-2023002312,17,2023,Urban,87500,2,,0,Male,50-54,Moderate Risk,2023-07-09,,1,35.0,1,3,1,1,0
BRFSS2023-17-2023000402,17,2023,Urban,12500,1,,0,Male,50-54,Moderate Risk,2023-09-17,,1,26.0,1,2,1,0,2
BRFSS2023-17-2023001807,17,2023,Urban,62500,4,,0,Female,50-54,Optimal,2023-07-10,,0,28.2,0,5,3,0,3
BRFSS2023-17-2023004242,17,2023,Urban,200000,5,,3,Female,35-39,Moderate Risk,2024-01-18,,1,28.1,1,3,1,0,3
BRFSS2023-17-2023001724,17,2023,Urban,125000,3,,1,Female,30-34,Moderate Risk,2023-07-21,,1,17.7,1,4,2,0,0
BRFSS2023-17-2023002950,17,2023,Urban,175000,3,,0,Female,65-69,Critical Risk,2023-09-30,,1,20.4,3,2,1,0,0
BRFSS2023-17-2023002343,17,2023,Urban,87500,2,,0,Male,65-69,Moderate Risk,2023-08-22,,1,37.3,1,3,5,0,4
BRFSS2023-17-2023001255,17,2023,Urban,,1,,0,Female,80+,Moderate Risk,2023-04-25,,1,26.4,2,3,5,0,3
BRFSS2023-17-2023001289,17,2023,Urban,87500,8,,6,Female,35-39,Optimal,2023-04-26,,1,20.8,0,4,4,0,2
BRFSS2023-17-2023004418,17,2023,Urban,125000,2,,0,Female,25-29,Moderate Risk,2024-01-17,,1,25.1,1,4,4,0,0
BRFSS2023-17-2023000706,17,2023,Urban,62500,1,,0,Male,65-69,Optimal,2023-03-17,,1,26.5,0,5,5,0,3
BRFSS2023-17-2023000659,17,2023,Urban,62500,1,,0,Male,65-69,Moderate Risk,2023-03-20,,1,33.9,0,4,5,0,0
BRFSS2023-17-2023001906,17,2023,Urban,,8,,0,Male,35-39,High Burden,2023-07-24,,1,28.2,2,2,4,1,1
BRFSS2023-17-2023001126,17,2023,Urban,87500,2,,1,Male,50-54,Moderate Risk,2023-04-22,,1,37.5,2,3,4,0,1
BRFSS2023-17-2023001832,17,2023,Urban,30000,5,,1,Female,45-49,Moderate Risk,2023-07-12,,0,31.2,0,3,5,0,0
BRFSS2023-17-2023001013,17,2023,Urban,30000,1,,0,Female,60-64,Moderate Risk,2023-04-06,,1,25.8,1,4,5,1,7
BRFSS2023-17-2023004488,17,2023,Urban,42500,6,,2,Male,60-64,Moderate Risk,2024-02-01,,1,27.5,0,2,5,0,0
BRFSS2023-17-2023002459,17,2023,Urban,125000,4,,2,Male,40-44,Moderate Risk,2023-07-16,,1,22.1,1,4,4,0,5
BRFSS2023-17-2023004844,17,2023,Rural,62500,3,,1,Female,25-29,Moderate Risk,2023-10-23,,1,34.3,0,3,4,0,3
BRFSS2023-17-2023001881,17,2023,Urban,62500,2,,0,Male,30-34,Moderate Risk,2023-07-01,,0,20.5,0,4,2,0,0
BRFSS2023-17-2023000465,17,2023,Urban,87500,2,,0,Male,70-74,Optimal,2023-11-06,,1,24.4,0,5,5,0,3
BRFSS2023-17-2023004936,17,2023,Urban,30000,2,,0,Male,70-74,Moderate Risk,2023-09-24,,1,18.1,0,3,5,1,0
BRFSS2023-17-2023004883,17,2023,Urban,,,,,Female,30-34,Moderate Risk,2023-03-25,,1,,1,3,2,,3
BRFSS2023-17-2023001144,17,2023,Urban,22500,2,,0,Female,30-34,Optimal,2023-03-20,,1,,0,3,5,0,0
BRFSS2023-17-2023002574,17,2023,Urban,125000,4,,2,Male,35-39,Optimal,2023-08-27,,0,24.4,0,4,3,0,7
BRFSS2023-17-2023003881,17,2023,Urban,30000,5,,3,Female,30-34,Moderate Risk,2023-11-18,,0,31.6,0,3,4,0,0
BRFSS2023-17-2023003489,17,2023,Urban,200000,2,,0,Male,50-54,Optimal,2023-11-30,,1,25.1,0,4,5,0,0
BRFSS2023-17-2023002240,17,2023,Urban,22500,2,,0,Male,65-69,High Burden,2023-07-17,,1,25.7,3,5,5,1,7
BRFSS2023-17-2023003917,17,2023,Urban,5000,3,,0,Female,50-54,Moderate Risk,2023-11-26,,0,,0,2,3,0,7
BRFSS2023-17-2023000892,17,2023,Urban,125000,5,,3,Female,35-39,Optimal,2023-03-18,,1,27.5,0,3,4,0,2
BRFSS2023-17-2023004727,17,2023,Urban,125000,4,,2,Female,35-39,Optimal,2024-01-27,,1,21.5,0,5,5,0,0
BRFSS2023-17-2023001711,17,2023,Urban,42500,1,,0,Female,70-74,Moderate Risk,2023-07-16,,1,30.0,1,3,5,0,0
BRFSS2023-17-2023000401,17,2023,Urban,62500,2,,0,Female,75-79,Optimal,2023-09-14,,1,20.7,0,4,5,0,3
BRFSS2023-17-2023004417,17,2023,Urban,22500,1,,0,Female,75-79,Moderate Risk,2024-01-29,,1,20.1,1,4,5,0,0
BRFSS2023-17-2023003242,17,2023,Urban,125000,3,,0,Male,55-59,Moderate Risk,2023-09-27,,1,25.9,1,5,5,0,4
BRFSS2023-17-2023001378,17,2023,Urban,175000,2,,0,Male,35-39,High Burden,2023-05-10,,1,33.0,2,5,1,0,7
BRFSS2023-17-2023000657,17,2023,Urban,125000,1,,0,Female,60-64,Moderate Risk,2023-03-08,,1,30.9,1,5,5,0,
BRFSS2023-17-2023000453,17,2023,Urban,62500,3,,0,Male,80+,Critical Risk,2023-12-29,,1,22.4,4,1,5,0,0
BRFSS2023-17-2023003921,17,2023,Urban,175000,3,,0,Female,50-54,Optimal,2023-12-29,,1,14.6,0,5,5,0,3
BRFSS2023-17-2023001098,17,2023,Urban,30000,5,,3,Female,25-29,Moderate Risk,2023-04-27,,1,22.0,1,5,4,1,1
BRFSS2023-17-2023003510,17,2023,Urban,42500,5,,3,Female,35-39,Moderate Risk,2023-12-11,,1,41.2,1,3,4,1,3
BRFSS2023-17-2023004669,17,2023,Urban,30000,2,,0,Female,55-59,Moderate Risk,2024-01-17,,1,29.9,0,2,5,0,3
BRFSS2023-17-2023002655,17,2023,Urban,200000,2,,0,Male,50-54,Optimal,2023-08-24,,1,27.8,0,4,5,0,7
BRFSS2023-28-2023002971,28,2023,Urban,42500,3,,0,Male,65-69,High Burden,2023-11-29,,1,45.9,2,2,5,0,7
BRFSS2023-28-2023003003,28,2023,Rural,30000,1,,0,Female,45-49,Critical Risk,2023-11-28,,1,36.6,5,1,1,1,0
BRFSS2023-28-2023002796,28,2023,Rural,87500,4,,3,Male,35-39,Optimal,2023-10-31,,1,24.4,0,4,4,0,0
BRFSS2023-28-2023001518,28,2023,Urban,22500,1,,0,Male,60-64,Moderate Risk,2023-07-05,,1,24.3,1,3,5,0,7
BRFSS2023-28-2023002808,28,2023,Urban,30000,2,,0,Female,70-74,Moderate Risk,2023-10-31,,1,26.6,1,4,5,0,7
BRFSS2023-28-2023001009,28,2023,Urban,200000,4,,2,Male,45-49,Optimal,2023-04-11,,1,27.7,0,5,5,0,7
BRFSS2023-28-2023002533,28,2023,Rural,42500,3,,2,Female,35-39,Optimal,2023-10-21,,1,27.8,0,5,4,0,1
BRFSS2023-28-2023000784,28,2023,Urban,12500,5,,2,Male,60-64,Critical Risk,2023-04-21,,1,27.1,6,3,4,1,7
BRFSS2023-28-2023002690,28,2023,Rural,,4,,2,Female,18-24,Moderate Risk,2023-11-11,,1,32.3,1,4,5,0,0
BRFSS2023-28-2023000076,28,2023,Urban,17500,1,,0,Female,75-79,Critical Risk,2023-10-13,,1,22.5,4,3,3,0,0
BRFSS2023-28-2023000224,28,2023,Urban,62500,2,,0,Female,50-54,Moderate Risk,2023-03-27,,1,36.0,0,3,5,0,0
BRFSS2023-28-2023003159,28,2023,Urban,62500,1,,0,Female,70-74,Critical Risk,2024-01-09,,1,28.0,5,2,4,0,3
BRFSS2023-28-2023002068,28,2023,Rural,125000,2,,0,Male,50-54,Optimal,2023-09-23,,1,25.8,0,5,5,0,7
BRFSS2023-28-2023001561,28,2023,Urban,62500,3,,1,Male,40-44,Moderate Risk,2023-07-01,,1,31.8,0,4,5,0,5
BRFSS2023-28-2023000430,28,2023,Urban,,1,,0,Female,70-74,Moderate Risk,2024-01-22,,1,28.7,1,4,5,0,0
BRFSS2023-28-2023001636,28,2023,Rural,42500,6,,2,Female,40-44,Critical Risk,2023-08-02,,,21.5,5,2,2,1,0
BRFSS2023-28-2023003754,28,2023,Rural,22500,4,,1,Female,30-34,Moderate Risk,2024-01-28,,0,38.5,0,3,5,1,0
BRFSS2023-28-2023003596,28,2023,Rural,87500,2,,0,Male,75-79,Moderate Risk,2024-03-02,,1,23.1,1,3,5,0,3
BRFSS2023-28-2023001842,28,2023,Urban,62500,2,,0,Female,30-34,Moderate Risk,2023-08-19,,1,50.1,0,2,4,0,
BRFSS2023-28-2023002525,28,2023,Urban,,2,,0,Female,18-24,Moderate Risk,2023-10-14,,1,23.8,1,4,5,0,0
BRFSS2023-28-2023000728,28,2023,Urban,,6,,2,Male,18-24,Moderate Risk,2023-03-08,,1,28.7,0,4,3,1,0
BRFSS2023-28-2023000977,28,2023,Urban,42500,3,,2,Male,25-29,Moderate Risk,2023-04-06,,0,33.2,0,3,3,0,3
BRFSS2023-28-2023003588,28,2023,Rural,12500,1,,0,Male,50-54,Critical Risk,2024-02-07,,1,32.1,5,1,5,0,7
BRFSS2023-28-2023000891,28,2023,Rural,62500,4,,2,Male,30-34,Moderate Risk,2023-04-12,,1,48.8,0,4,4,,4
BRFSS2023-28-2023000473,28,2023,Urban,5000,2,,0,Female,45-49,Moderate Risk,2023-12-15,,1,30.4,0,3,5,0,0
BRFSS2023-28-2023001869,28,2023,Urban,62500,2,,0,Female,60-64,Moderate Risk,2023-08-21,,1,27.5,1,3,5,0,3
BRFSS2023-28-2023000253,28,2023,Urban,,1,,0,Female,80+,Critical Risk,2023-02-22,,,31.1,4,1,5,0,0
BRFSS2023-28-2023002554,28,2023,Urban,30000,2,,1,Female,55-59,Moderate Risk,2023-10-09,,1,25.2,1,3,5,0,7
BRFSS2023-28-2023003065,28,2023,Rural,87500,4,,0,Male,18-24,Optimal,2024-01-10,,1,25.8,0,4,3,0,2
BRFSS2023-28-2023003876,28,2023,Rural,87500,2,,0,Female,30-34,Moderate Risk,2024-01-30,,1,32.5,0,3,5,0,5
BRFSS2023-28-2023000193,28,2023,Urban,42500,1,,0,Female,70-74,Optimal,2023-03-21,,1,27.4,0,3,5,0,0
BRFSS2023-28-2023001318,28,2023,Urban,125000,4,,1,Male,40-44,Moderate Risk,2023-06-04,,1,26.4,1,4,2,0,0
BRFSS2023-28-2023001465,28,2023,Urban,200000,2,,0,Female,50-54,Optimal,2023-06-21,,1,23.2,0,4,4,0,7
BRFSS2023-28-2023002642,28,2023,Urban,125000,5,,2,Female,35-39,Optimal,2023-11-10,,1,29.8,0,4,5,0,5
BRFSS2023-28-2023002023,28,2023,Urban,62500,5,,2,Male,40-44,Moderate Risk,2023-09-02,,1,34.4,0,3,4,0,7
BRFSS2023-28-2023001746,28,2023,Rural,,4,,0,Male,45-49,Moderate Risk,2023-08-07,,1,28.6,0,3,1,0,1
BRFSS2023-28-2023002161,28,2023,Urban,87500,4,,2,Female,40-44,Moderate Risk,2023-08-31,,1,41.8,0,2,3,0,
BRFSS2023-28-2023000316,28,2023,Rural,125000,2,,0,Male,70-74,Optimal,2023-06-13,,1,24.4,0,4,5,0,7
BRFSS2023-28-2023002516,28,2023,Urban,175000,4,,2,Male,45-49,Moderate Risk,2023-10-17,,1,30.5,0,4,5,0,7
BRFSS2023-28-2023002258,28,2023,Urban,125000,5,,0,Male,45-49,Moderate Risk,2023-10-22,,1,30.9,1,4,4,0,4
BRFSS2023-28-2023003825,28,2023,Urban,17500,1,,0,Male,65-69,Moderate Risk,2024-02-17,,1,25.1,2,3,5,0,7
BRFSS2023-28-2023000866,28,2023,Rural,,3,,1,Female,18-24,Moderate Risk,2023-04-05,,0,34.4,0,2,5,0,4
BRFSS2023-28-2023001631,28,2023,Urban,87500,2,,0,Male,30-34,Moderate Risk,2023-06-27,,0,25.0,1,4,5,0,7
BRFSS2023-28-2023003943,28,2023,Urban,30000,2,,0,Female,25-29,Optimal,2024-01-25,,0,24.3,0,5,5,0,1
BRFSS2023-28-2023002362,28,2023,Urban,62500,4,,1,Male,50-54,Moderate Risk,2023-10-19,,1,34.5,1,2,5,0,0
BRFSS2023-28-2023002019,28,2023,Rural,62500,3,,0,Male,45-49,Moderate Risk,2023-09-05,,1,32.6,0,4,,0,4
BRFSS2023-28-2023001586,28,2023,Rural,62500,3,,1,Male,40-44,Moderate Risk,2023-06-14,,1,31.6,0,3,5,0,1
BRFSS2023-28-2023003109,28,2023,Rural,125000,2,,1,Female,45-49,Moderate Risk,2023-12-16,,1,25.1,0,4,4,1,7
BRFSS2023-28-2023002367,28,2023,Rural,87500,2,,0,Female,60-64,Critical Risk,2023-10-13,,1,43.3,5,3,4,0,3
BRFSS2023-28-2023001212,28,2023,Rural,87500,6,,2,Male,18-24,Moderate Risk,2023-06-05,,1,21.5,1,4,2,0,7
BRFSS2023-28-2023001076,28,2023,Urban,30000,2,,1,Female,25-29,Moderate Risk,2023-04-26,,1,50.0,1,2,1,0,7
BRFSS2023-28-2023000589,28,2023,Urban,42500,5,,2,Female,25-29,Optimal,2023-03-20,,1,19.0,0,4,3,0,7
BRFSS2023-28-2023000498,28,2023,Urban,,2,,1,Female,65-69,Moderate Risk,2023-02-26,,1,,0,3,5,1,0
BRFSS2023-28-2023002330,28,2023,Rural,62500,6,,3,Female,18-24,Moderate Risk,2023-10-14,,1,45.4,1,3,5,0,0
BRFSS2023-28-2023003819,28,2023,Urban,200000,4,,2,Male,50-54,Moderate Risk,2024-02-04,,1,33.7,0,2,4,1,0
BRFSS2023-28-2023001274,28,2023,Rural,87500,2,,0,Female,65-69,Moderate Risk,2023-05-27,,1,27.4,1,2,,0,0
BRFSS2023-28-2023000564,28,2023,Urban,125000,1,,0,Female,55-59,Optimal,2023-03-29,,1,26.9,0,4,5,0,2
BRFSS2023-28-2023002689,28,2023,Rural,30000,3,,0,Male,35-39,Moderate Risk,2023-10-30,,1,54.2,1,3,5,0,0
BRFSS2023-28-2023003431,28,2023,Rural,62500,1,,0,Female,75-79,Moderate Risk,2024-01-19,,1,32.6,1,4,5,0,0
BRFSS2023-28-2023003131,28,2023,Urban,87500,4,,2,Female,40-44,Moderate Risk,2024-01-04,,1,23.8,0,3,1,0,3
BRFSS2023-28-2023002949,28,2023,Urban,175000,5,,3,Female,25-29,Moderate Risk,2023-11-29,,1,22.9,1,4,4,0,3
BRFSS2023-28-2023002112,28,2023,Rural,30000,3,,0,Male,50-54,Moderate Risk,2023-09-10,,1,22.4,1,2,5,0,0
BRFSS2023-28-2023003288,28,2023,Urban,87500,1,,0,Male,55-59,Moderate Risk,2024-01-07,,1,39.0,1,3,4,0,0
BRFSS2023-28-2023003898,28,2023,Urban,,3,,0,Male,18-24,Moderate Risk,2024-02-19,,1,,2,4,3,,7
BRFSS2023-28-2023000961,28,2023,Rural,5000,2,,0,Female,60-64,Moderate Risk,2023-04-22,,1,31.1,2,5,5,1,0
BRFSS2023-28-2023001802,28,2023,Urban,87500,2,,0,Male,45-49,Optimal,2023-08-24,,1,26.2,0,3,5,0,5
BRFSS2023-28-2023001085,28,2023,Rural,,1,,0,Male,65-69,Moderate Risk,2023-04-18,,1,28.9,0,3,3,1,0
BRFSS2023-28-2023004000,28,2023,Urban,,2,,1,Female,65-69,Moderate Risk,2024-02-24,,1,34.0,1,1,4,0,7
BRFSS2023-28-2023004033,28,2023,Urban,17500,2,,0,Male,60-64,Critical Risk,2023-03-11,,1,28.2,3,1,2,0,0
BRFSS2023-28-2023002703,28,2023,Urban,22500,1,,0,Male,65-69,Moderate Risk,2023-11-21,,1,26.3,1,2,5,1,7
BRFSS2023-28-2023001818,28,2023,Rural,17500,2,,0,Male,70-74,Moderate Risk,2023-08-17,,0,27.1,2,4,5,0,7
BRFSS2023-28-2023003325,28,2023,Urban,87500,1,,0,Female,50-54,Optimal,2023-12-20,,1,,0,3,5,0,0
BRFSS2023-28-2023001336,28,2023,Urban,87500,2,,0,Female,80+,Moderate Risk,2023-06-05,,1,23.6,1,4,5,0,0
BRFSS2023-28-2023003106,28,2023,Rural,,5,,3,Male,18-24,High Burden,2023-12-11,,1,27.6,3,5,5,1,5
BRFSS2023-28-2023002392,28,2023,Urban,125000,1,,0,Male,80+,Optimal,2023-10-22,,1,23.3,0,4,5,0,7
BRFSS2023-28-2023000342,28,2023,Urban,42500,1,,0,Male,80+,Moderate Risk,2023-08-02,,1,33.7,1,5,5,0,7
BRFSS2023-28-2023002159,28,2023,Urban,87500,5,,1,Female,35-39,Optimal,2023-08-31,,1,24.9,0,5,4,0,0
BRFSS2023-28-2023002687,28,2023,Urban,30000,2,,0,Male,60-64,Critical Risk,2023-11-20,,1,21.7,5,2,3,1,0
BRFSS2023-28-2023002838,28,2023,Rural,30000,2,,0,Female,70-74,High Burden,2023-11-09,,1,24.4,2,2,5,1,5
BRFSS2023-28-2023003274,28,2023,Urban,175000,4,,2,Male,50-54,High Burden,2023-12-14,,1,27.1,3,4,5,0,0
BRFSS2023-28-2023001758,28,2023,Rural,22500,2,,0,Male,50-54,High Burden,2023-07-30,,1,27.9,2,2,1,1,0
BRFSS2023-28-2023001050,28,2023,Rural,,2,,0,Female,60-64,Optimal,2023-04-25,,1,24.1,0,3,5,0,0
BRFSS2023-28-2023003324,28,2023,Urban,5000,1,,0,Female,25-29,Moderate Risk,2023-12-07,,1,,1,4,3,0,0
BRFSS2023-28-2023000131,28,2023,Rural,12500,1,,0,Female,60-64,High Burden,2023-02-21,,1,38.5,3,3,3,1,3
BRFSS2023-28-2023000075,28,2023,Urban,42500,3,,0,Male,18-24,Optimal,2023-11-02,,1,22.9,0,4,5,0,7
BRFSS2023-28-2023001181,28,2023,Rural,175000,2,,0,Female,55-59,Moderate Risk,2023-05-21,,0,34.3,2,4,5,0,6
BRFSS2023-28-2023003572,28,2023,Urban,62500,4,,2,Male,30-34,Moderate Risk,2024-01-22,,1,31.2,0,2,5,0,2
BRFSS2023-28-2023002764,28,2023,Urban,,2,,0,Male,65-69,Moderate Risk,2023-11-11,,1,34.1,2,3,5,0,7
BRFSS2023-28-2023003403,28,2023,Rural,22500,1,,0,Female,70-74,Moderate Risk,2024-02-18,,1,29.9,0,2,5,0,0
BRFSS2023-28-2023000109,28,2023,Urban,200000,3,,1,Male,55-59,Moderate Risk,2023-02-23,,1,21.0,1,5,4,0,1
BRFSS2023-28-2023002301,28,2023,Rural,,7,,5,Male,55-59,Moderate Risk,2023-10-08,,1,61.7,1,2,5,0,0
BRFSS2023-28-2023000434,28,2023,Rural,,2,,0,Male,80+,Moderate Risk,2024-01-31,,1,22.3,1,5,5,0,2
BRFSS2023-28-2023003988,28,2023,Rural,62500,1,,0,Male,70-74,High Burden,2024-02-01,,1,23.7,2,2,3,1,1
BRFSS2023-28-2023003015,28,2023,Urban,,2,,0,Male,45-49,Moderate Risk,2023-12-06,,1,39.0,2,3,5,0,3
BRFSS2023-28-2023002178,28,2023,Urban,62500,5,,1,Male,75-79,Moderate Risk,2023-09-25,,1,27.2,2,3,,0,2
BRFSS2023-28-2023000943,28,2023,Rural,,2,,0,Male,70-74,Moderate Risk,2023-04-12,,1,28.7,2,4,5,0,4
BRFSS2023-28-2023000379,28,2023,Rural,62500,4,,1,Male,70-74,Optimal,2023-08-22,,1,27.8,0,3,5,0,0
BRFSS2023-28-2023000947,28,2023,Urban,30000,1,,0,Male,65-69,Moderate Risk,2023-04-30,,1,21.1,1,4,5,,3
BRFSS2023-28-2023003714,28,2023,Rural,87500,1,,0,Male,30-34,Optimal,2024-02-03,,1,,0,3,5,,5
BRFSS2023-28-2023000074,28,2023,Urban,42500,2,,0,Female,55-59,High Burden,2023-11-02,,1,35.1,3,3,4,0,7
BRFSS2023-36-2023008154,36,2023,Urban,22500,1,,0,Female,80+,Critical Risk,2023-02-27,,1,37.5,3,2,5,0,0
BRFSS2023-36-2023010481,36,2023,Urban,42500,2,,0,Male,25-29,Optimal,2023-08-24,,1,28.2,0,5,4,0,4
BRFSS2023-36-2023012944,36,2023,Urban,,,,,Female,50-54,Moderate Risk,2023-03-10,,1,,1,5,5,,4
BRFSS2023-36-2023005463,36,2023,Urban,200000,2,,0,Male,35-39,Moderate Risk,2023-08-12,,1,31.2,0,4,5,0,2
BRFSS2023-36-2023011354,36,2023,Urban,62500,3,,1,Male,18-24,Optimal,2023-10-27,,1,20.4,0,4,4,0,4
BRFSS2023-36-2023002618,36,2023,Urban,62500,1,,0,Female,80+,Moderate Risk,2023-10-12,,1,26.6,1,3,5,0,0
BRFSS2023-36-2023010996,36,2023,Urban,30000,3,,0,Female,25-29,Optimal,2023-10-04,,,27.9,0,3,4,0,0
BRFSS2023-36-2023009512,36,2023,Urban,,5,,3,Male,35-39,Optimal,2023-06-23,,1,29.8,0,5,5,0,
BRFSS2023-36-2023002878,36,2023,Urban,87500,5,,0,Female,65-69,Moderate Risk,2023-02-21,,1,29.3,1,3,5,1,0
BRFSS2023-36-2023012636,36,2023,Urban,12500,3,,0,Female,50-54,Moderate Risk,2023-02-21,,0,26.0,1,4,4,0,0
BRFSS2023-36-2023001222,36,2023,Rural,,2,,0,Female,80+,Moderate Risk,2023-10-24,,1,30.9,2,4,5,0,2
BRFSS2023-36-2023016777,36,2023,Urban,87500,4,,0,Female,60-64,Moderate Risk,2024-01-03,,1,17.0,2,3,4,0,3
BRFSS2023-36-2023000692,36,2023,Urban,62500,1,,0,Female,75-79,Optimal,2023-02-27,,1,24.1,0,3,5,0,4
BRFSS2023-36-2023014459,36,2023,Urban,62500,1,,0,Male,25-29,Optimal,2023-06-13,,1,26.5,0,5,5,0,3
BRFSS2023-36-2023004029,36,2023,Urban,200000,2,,0,Male,25-29,Optimal,2023-04-10,,1,21.0,0,4,5,0,2
BRFSS2023-36-2023012327,36,2023,Urban,30000,1,,0,Male,60-64,High Burden,2023-03-01,,1,23.0,3,3,2,1,7
BRFSS2023-36-2023008648,36,2023,Urban,125000,2,,0,Female,60-64,Moderate Risk,2023-03-29,,1,23.2,1,5,5,0,6
BRFSS2023-36-2023014556,36,2023,Urban,22500,3,,1,Male,55-59,Critical Risk,2023-07-11,,1,19.8,4,2,5,0,0
BRFSS2023-36-2023002804,36,2023,Urban,12500,1,,0,Male,55-59,Moderate Risk,2023-02-24,,,,0,3,5,1,7
BRFSS2023-36-2023003586,36,2023,Urban,87500,1,,0,Female,30-34,High Burden,2023-03-15,,1,24.1,2,4,2,0,2
BRFSS2023-36-2023000391,36,2023,Urban,,1,,0,Male,30-34,Moderate Risk,2023-08-22,,1,29.3,1,3,3,0,0
BRFSS2023-36-2023015887,36,2023,Urban,200000,6,,4,Male,55-59,Moderate Risk,2023-11-02,,1,40.7,0,4,5,0,1
BRFSS2023-36-2023003551,36,2023,Urban,12500,4,,2,Male,70-74,Critical Risk,2023-04-21,,1,23.8,3,2,3,0,0
BRFSS2023-36-2023002619,36,2023,Urban,,2,,0,Male,70-74,Optimal,2023-10-23,,1,28.6,0,5,5,0,
BRFSS2023-36-2023005543,36,2023,Urban,22500,4,,0,Male,55-59,Critical Risk,2023-09-11,,0,26.4,5,1,4,0,0
BRFSS2023-36-2023006742,36,2023,Urban,5000,1,,0,Female,45-49,High Burden,2023-11-11,,1,42.3,2,1,3,0,7
BRFSS2023-36-2023008293,36,2023,Urban,,2,,0,Male,25-29,Optimal,2023-03-07,,0,,0,3,5,0,0
BRFSS2023-36-2023012297,36,2023,Urban,12500,2,,0,Female,60-64,Critical Risk,2023-03-01,,1,46.2,3,1,5,0,0
BRFSS2023-36-2023014524,36,2023,Urban,42500,4,,2,Male,45-49,Moderate Risk,2023-06-20,,1,29.1,2,4,4,0,0
BRFSS2023-36-2023009441,36,2023,Urban,200000,3,,0,Male,18-24,Moderate Risk,2023-05-24,,1,22.1,1,4,3,0,3
BRFSS2023-36-2023009011,36,2023,Urban,62500,2,,0,Male,60-64,High Burden,2023-05-04,,1,24.4,2,2,5,0,1
BRFSS2023-36-2023014822,36,2023,Urban,62500,5,,2,Female,45-49,Moderate Risk,2023-07-21,,1,35.0,1,2,4,0,7
BRFSS2023-36-2023006590,36,2023,Urban,30000,1,,0,Female,18-24,Moderate Risk,2023-11-02,,1,27.4,0,4,4,1,7
BRFSS2023-36-2023011185,36,2023,Urban,175000,2,,0,Male,30-34,Moderate Risk,2023-10-17,,1,,0,3,4,1,2
BRFSS2023-36-2023009008,36,2023,Urban,62500,2,,0,Male,50-54,Moderate Risk,2023-04-25,,1,33.3,1,3,5,0,4
BRFSS2023-36-2023011631,36,2023,Urban,22500,6,,2,Female,35-39,Optimal,2023-12-04,,1,24.1,0,5,5,0,5
BRFSS2023-36-2023004659,36,2023,Urban,,2,,0,Male,18-24,Optimal,2023-06-09,,1,26.5,0,5,5,0,5
BRFSS2023-36-2023007423,36,2023,Urban,,4,,1,Male,60-64,Moderate Risk,2023-12-08,,,39.0,2,3,5,0,2
BRFSS2023-36-2023006800,36,2023,Urban,200000,3,,1,Male,40-44,Optimal,2023-11-17,,1,27.6,0,5,4,0,6
BRFSS2023-36-2023016061,36,2023,Urban,42500,2,,1,Female,30-34,Moderate Risk,2023-11-07,,1,34.4,1,4,3,0,1
BRFSS2023-36-2023008727,36,2023,Urban,42500,1,,0,Female,45-49,Moderate Risk,2023-04-23,,1,52.8,2,3,3,1,1
BRFSS2023-36-2023008502,36,2023,Urban,,3,,0,Female,25-29,High Burden,2023-03-23,,1,24.7,2,3,2,0,2
BRFSS2023-36-2023009018,36,2023,Urban,200000,5,,0,Female,50-54,Optimal,2023-04-23,,1,23.3,0,5,5,0,5
BRFSS2023-36-2023014025,36,2023,Urban,87500,1,,0,Female,80+,Moderate Risk,2023-05-15,,1,26.6,1,4,5,0,5
BRFSS2023-36-2023016464,36,2023,Urban,12500,6,,4,Male,25-29,Optimal,2023-11-30,,1,20.7,0,5,5,0,0
BRFSS2023-36-2023006206,36,2023,Urban,200000,2,,0,Male,65-69,Moderate Risk,2023-10-28,,1,25.6,1,3,5,1,4
BRFSS2023-36-2023011702,36,2023,Urban,17500,1,,0,Male,65-69,Optimal,2023-11-09,,,27.9,0,4,5,0,0
BRFSS2023-36-2023004752,36,2023,Urban,200000,2,,0,Male,80+,Moderate Risk,2023-06-23,,1,23.1,2,3,5,0,3
BRFSS2023-36-2023016870,36,2023,Urban,62500,2,,0,Male,25-29,Moderate Risk,2024-01-04,,,19.6,0,5,4,1,5
BRFSS2023-36-2023011476,36,2023,Urban,175000,2,,0,Female,60-64,Moderate Risk,2023-10-16,,1,23.0,2,5,5,0,2
BRFSS2023-36-2023015003,36,2023,Urban,30000,1,,0,Male,80+,Moderate Risk,2023-08-13,,1,24.2,2,3,5,0,6
BRFSS2023-36-2023003073,36,2023,Urban,87500,3,,2,Female,40-44,Moderate Risk,2023-02-23,,1,25.9,0,4,5,1,7
BRFSS2023-36-2023000147,36,2023,Urban,5000,10,,3,Female,25-29,Optimal,2024-01-26,,0,,0,4,5,0,0
BRFSS2023-36-2023005261,36,2023,Urban,125000,2,,0,Female,30-34,Moderate Risk,2023-07-07,,1,28.3,1,3,4,0,7
BRFSS2023-36-2023000299,36,2023,Urban,62500,1,,0,Male,30-34,Optimal,2023-10-30,,0,27.1,0,3,5,0,7
BRFSS2023-36-2023001758,36,2023,Urban,12500,1,,0,Male,35-39,Moderate Risk,2023-08-20,,1,39.0,0,4,5,1,
BRFSS2023-36-2023008371,36,2023,Urban,12500,2,,1,Female,55-59,Moderate Risk,2023-03-23,,1,21.6,1,5,5,0,2
BRFSS2023-36-2023012148,36,2023,Urban,,8,,6,Male,40-44,Moderate Risk,2023-12-28,,1,24.4,0,5,1,0,6
BRFSS2023-36-2023008306,36,2023,Urban,125000,2,,0,Male,25-29,Moderate Risk,2023-03-08,,1,23.6,1,3,4,0,3
BRFSS2023-36-2023004198,36,2023,Urban,175000,,,,Male,30-34,Optimal,2023-04-24,,1,,0,3,4,0,7
BRFSS2023-36-2023008215,36,2023,Urban,42500,7,,5,Male,35-39,Moderate Risk,2023-03-14,,1,27.1,1,3,5,1,0
BRFSS2023-36-2023003292,36,2023,Urban,200000,2,,0,Female,65-69,Moderate Risk,2023-03-07,,1,23.8,1,4,5,0,4
BRFSS2023-36-2023005179,36,2023,Urban,62500,2,,0,Female,65-69,Moderate Risk,2023-07-25,,1,,2,4,5,0,
BRFSS2023-36-2023012009,36,2023,Urban,87500,3,,0,Male,60-64,Moderate Risk,2023-12-15,,1,27.2,1,4,5,0,7
BRFSS2023-36-2023010892,36,2023,Urban,200000,2,,0,Female,55-59,High Burden,2023-10-03,,1,,3,4,1,0,0
BRFSS2023-36-2023004622,36,2023,Urban,125000,3,,1,Female,45-49,Moderate Risk,2023-06-26,,1,37.0,0,3,1,0,2
BRFSS2023-36-2023015996,36,2023,Urban,62500,1,,0,Female,70-74,Moderate Risk,2023-10-16,,1,21.0,1,2,2,1,1
BRFSS2023-36-2023007697,36,2023,Urban,125000,4,,0,Male,70-74,Critical Risk,2023-02-24,,1,32.8,5,2,5,0,2
BRFSS2023-36-2023006564,36,2023,Urban,5000,1,,0,Male,45-49,Moderate Risk,2023-10-23,,1,25.7,1,1,5,1,0
BRFSS2023-36-2023002149,36,2023,Urban,200000,1,,0,Male,60-64,Moderate Risk,2023-06-12,,1,22.9,2,4,5,0,3
BRFSS2023-36-2023015181,36,2023,Urban,5000,1,,0,Male,70-74,Moderate Risk,2023-08-17,,1,33.5,1,2,5,1,2
BRFSS2023-36-2023009315,36,2023,Urban,125000,5,,1,Male,40-44,Moderate Risk,2023-05-17,,1,47.0,1,3,5,0,4
BRFSS2023-36-2023015942,36,2023,Urban,87500,1,,0,Female,35-39,Moderate Risk,2023-10-27,,1,20.2,0,3,5,1,0
BRFSS2023-36-2023011036,36,2023,Urban,200000,4,,2,Male,40-44,Moderate Risk,2023-10-16,,1,27.1,2,4,4,0,4
BRFSS2023-36-2023016591,36,2023,Urban,42500,6,,2,Male,25-29,Moderate Risk,2023-11-27,,,27.4,1,3,5,0,7
BRFSS2023-36-2023000792,36,2023,Urban,87500,1,,0,Male,70-74,Moderate Risk,2023-04-25,,1,26.5,1,3,5,0,7
BRFSS2023-36-2023014318,36,2023,Urban,30000,4,,1,Female,30-34,Optimal,2023-06-21,,1,,0,3,4,0,5
BRFSS2023-36-2023000931,36,2023,Urban,62500,2,,0,Female,70-74,Moderate Risk,2023-04-23,,1,18.6,0,5,5,1,0
BRFSS2023-36-2023011039,36,2023,Urban,125000,4,,1,Female,45-49,Moderate Risk,2023-10-18,,1,23.4,1,2,5,0,1
BRFSS2023-36-2023010390,36,2023,Urban,,2,,0,Male,,Moderate Risk,2023-08-05,,,27.9,1,4,5,0,0
BRFSS2023-36-2023004579,36,2023,Urban,125000,5,,1,Female,50-54,Moderate Risk,2023-05-27,,1,25.8,1,5,4,,7
BRFSS2023-36-2023007856,36,2023,Urban,175000,2,,0,Female,65-69,Moderate Risk,2023-02-24,,1,25.5,1,5,5,0,2
BRFSS2023-36-2023004157,36,2023,Urban,,2,,0,Male,75-79,High Burden,2023-04-23,,1,23.1,2,2,5,0,3
BRFSS2023-36-2023003611,36,2023,Urban,22500,1,,0,Male,35-39,Moderate Risk,2023-03-23,,1,23.0,1,2,2,0,3
BRFSS2023-36-2023008302,36,2023,Urban,175000,4,,2,Female,40-44,Moderate Risk,2023-03-06,,1,19.8,1,2,4,0,3
BRFSS2023-36-2023013815,36,2023,Urban,,4,,0,Female,30-34,Optimal,2023-05-17,,1,27.9,0,3,5,0,0
BRFSS2023-36-2023001172,36,2023,Urban,42500,1,,0,Female,80+,Moderate Risk,2023-11-10,,1,21.0,0,1,4,1,0
BRFSS2023-36-2023004063,36,2023,Urban,,5,,0,Male,,Moderate Risk,2023-04-25,,,,1,3,5,0,2
BRFSS2023-36-2023016212,36,2023,Urban,125000,2,,0,Male,35-39,Moderate Risk,2023-10-25,,1,19.5,0,4,5,1,0
BRFSS2023-36-2023004868,36,2023,Urban,42500,3,,0,Female,65-69,Moderate Risk,2023-06-12,,1,33.3,0,4,5,0,5
BRFSS2023-36-2023013885,36,2023,Urban,175000,1,,0,Male,45-49,Moderate Risk,2023-05-23,,1,28.4,1,3,4,0,3
BRFSS2023-36-2023015612,36,2023,Urban,30000,2,,0,Male,80+,High Burden,2023-09-18,,1,29.1,3,4,2,0,1
BRFSS2023-36-2023005243,36,2023,Rural,62500,2,,0,Female,70-74,Optimal,2023-07-24,,,24.8,0,4,5,0,3
BRFSS2023-36-2023011229,36,2023,Urban,,3,,1,Female,35-39,Moderate Risk,2023-10-18,,1,23.2,1,4,5,0,6
BRFSS2023-36-2023016268,36,2023,Urban,22500,5,,1,Male,35-39,Optimal,2023-10-15,,0,27.5,0,4,5,0,1
BRFSS2023-36-2023013370,36,2023,Urban,175000,4,,1,Female,18-24,Optimal,2023-03-21,,0,21.0,0,5,4,0,1
BRFSS2023-36-2023015611,36,2023,Urban,42500,1,,0,Male,40-44,Moderate Risk,2023-09-21,,1,23.0,1,3,5,0,0
BRFSS2023-36-2023014384,36,2023,Urban,87500,4,,2,Male,50-54,High Burden,2023-06-05,,1,32.3,2,2,2,0,4
BRFSS2023-36-2023005550,36,2023,Urban,30000,2,,0,Male,45-49,Moderate Risk,2023-08-31,,1,26.4,1,2,4,1,0
BRFSS2023-36-2023015130,36,2023,Urban,87500,4,,1,Male,40-44,Moderate Risk,2023-08-02,,1,38.7,1,4,5,1,0
BRFSS2023-54-2023003472,54,2023,Urban,87500,6,,2,Male,40-44,Moderate Risk,2023-11-02,,1,28.1,1,3,5,0,3
BRFSS2023-54-2023000837,54,2023,Urban,87500,3,,1,Male,80+,Optimal,2023-07-17,,1,26.1,0,4,5,0,1
BRFSS2023-54-2023001944,54,2023,Urban,62500,2,,0,Male,80+,Moderate Risk,2023-05-15,,1,24.0,1,4,5,0,6
BRFSS2023-54-2023001796,54,2023,Urban,87500,4,,2,Female,35-39,Optimal,2023-03-22,,1,,0,4,5,0,2
BRFSS2023-54-2023001783,54,2023,Urban,87500,4,,0,Male,30-34,Moderate Risk,2023-03-16,,1,39.4,1,2,1,0,7
BRFSS2023-54-2023000640,54,2023,Rural,30000,2,,0,Female,70-74,Moderate Risk,2023-06-05,,1,26.6,1,3,5,0,7
BRFSS2023-54-2023001715,54,2023,Urban,87500,2,,0,Female,60-64,Moderate Risk,2023-04-06,,1,35.8,0,2,5,0,0
BRFSS2023-54-2023000417,54,2023,Rural,22500,2,,0,Male,70-74,Moderate Risk,2023-04-28,,1,26.5,1,3,5,0,5
BRFSS2023-54-2023000990,54,2023,Urban,,3,,1,Female,40-44,Moderate Risk,2023-09-20,,,,0,4,1,0,7
BRFSS2023-54-2023002792,54,2023,Rural,,5,,3,Female,40-44,Optimal,2023-08-22,,,,0,,3,0,3
BRFSS2023-54-2023002367,54,2023,Urban,,1,,0,Female,80+,High Burden,2023-06-13,,1,29.1,3,4,,0,7
BRFSS2023-54-2023002229,54,2023,Rural,,5,,1,Male,18-24,Moderate Risk,2023-06-27,,,21.4,1,3,4,0,5
BRFSS2023-54-2023001178,54,2023,Urban,30000,1,,0,Male,75-79,Critical Risk,2023-10-17,,1,24.5,3,1,5,0,0
BRFSS2023-54-2023002728,54,2023,Urban,42500,4,,0,Male,70-74,Optimal,2023-08-02,,1,26.1,0,4,5,0,7
BRFSS2023-54-2023002280,54,2023,Urban,125000,3,,0,Female,50-54,Moderate Risk,2023-06-27,,1,61.7,2,3,4,0,5
BRFSS2023-54-2023001020,54,2023,Urban,22500,2,,0,Male,60-64,High Burden,2023-09-12,,1,30.5,2,1,5,1,0
BRFSS2023-54-2023000842,54,2023,Urban,87500,1,,0,Male,60-64,Moderate Risk,2023-07-24,,1,24.1,1,2,5,0,0
BRFSS2023-54-2023002789,54,2023,Urban,175000,2,,0,Female,55-59,Moderate Risk,2023-07-20,,1,20.6,1,5,5,0,2
BRFSS2023-54-2023001626,54,2023,Rural,175000,2,,0,Male,70-74,Moderate Risk,2023-04-04,,1,27.9,2,5,5,0,3
BRFSS2023-54-2023003551,54,2023,Urban,,2,,0,Female,60-64,High Burden,2023-10-26,,1,35.0,2,2,,0,2
BRFSS2023-54-2023001377,54,2023,Urban,22500,1,,0,Male,65-69,Moderate Risk,2023-12-19,,1,34.0,2,3,4,0,1
BRFSS2023-54-2023000655,54,2023,Rural,12500,1,,0,Male,80+,Moderate Risk,2023-06-10,,1,22.6,1,2,1,1,0
BRFSS2023-54-2023000935,54,2023,Urban,12500,1,,0,Male,70-74,Moderate Risk,2023-08-23,,1,33.5,2,3,5,0,7
BRFSS2023-54-2023004082,54,2023,Urban,62500,3,,1,Male,50-54,Moderate Risk,2024-01-16,,1,34.9,0,3,1,0,0
BRFSS2023-54-2023003696,54,2023,Urban,87500,4,,2,Male,30-34,Optimal,2023-12-20,,1,29.9,0,3,5,0,1
BRFSS2023-54-2023000132,54,2023,Urban,62500,6,,3,Female,45-49,Moderate Risk,2023-10-24,,1,30.1,1,4,5,0,0
BRFSS2023-54-2023000839,54,2023,Urban,87500,2,,0,Female,65-69,Critical Risk,2023-07-20,,1,25.1,4,3,5,0,0
BRFSS2023-54-2023003186,54,2023,Urban,62500,2,,0,Male,65-69,Moderate Risk,2023-09-29,,1,28.7,1,4,5,0,7
BRFSS2023-54-2023003590,54,2023,Urban,30000,1,,0,Female,70-74,Moderate Risk,2023-12-21,,1,27.4,1,4,5,0,3
BRFSS2023-54-2023001834,54,2023,Urban,30000,4,,2,Female,30-34,Moderate Risk,2023-04-13,,1,44.3,1,3,4,0,0
BRFSS2023-54-2023000433,54,2023,Urban,17500,2,,0,Female,70-74,High Burden,2023-04-19,,1,24.6,2,2,,,0
BRFSS2023-54-2023003694,54,2023,Urban,200000,3,,0,Female,75-79,Moderate Risk,2023-12-18,,1,24.2,1,3,5,0,7
BRFSS2023-54-2023002049,54,2023,Urban,12500,1,,0,Female,65-69,Critical Risk,2023-05-23,,1,19.1,4,2,5,0,7
BRFSS2023-54-2023000489,54,2023,Rural,87500,2,,0,Female,80+,Moderate Risk,2023-04-11,,1,28.0,1,3,3,0,1
BRFSS2023-54-2023002934,54,2023,Rural,62500,2,,0,Male,65-69,Moderate Risk,2023-09-11,,1,22.2,1,4,5,0,7
BRFSS2023-54-2023002957,54,2023,Urban,12500,1,,0,Male,60-64,Critical Risk,2023-09-08,,1,33.5,8,1,4,0,0
BRFSS2023-54-2023000558,54,2023,Rural,62500,2,,0,Male,70-74,Critical Risk,2023-05-12,,1,21.4,4,2,,0,0
BRFSS2023-54-2023002399,54,2023,Urban,125000,5,,3,Male,35-39,Moderate Risk,2023-06-13,,0,30.6,0,4,4,0,2
BRFSS2023-54-2023001483,54,2023,Urban,87500,2,,0,Female,65-69,Moderate Risk,2023-03-07,,1,34.0,1,4,3,0,5
BRFSS2023-54-2023003949,54,2023,Urban,42500,5,,4,Female,40-44,Moderate Risk,2024-01-06,,1,31.6,1,3,1,0,7
BRFSS2023-54-2023004016,54,2023,Urban,125000,4,,1,Female,45-49,Moderate Risk,2024-01-17,,1,25.0,1,4,1,0,3
BRFSS2023-54-2023001456,54,2023,Urban,30000,4,,2,Female,30-34,Moderate Risk,2023-04-06,,1,18.2,1,3,,0,2
BRFSS2023-54-2023004181,54,2023,Urban,,,,,Female,70-74,Optimal,2024-01-26,,1,,0,4,5,,7
BRFSS2023-54-2023002006,54,2023,Urban,175000,2,,0,Male,60-64,Moderate Risk,2023-04-29,,1,24.8,1,4,5,0,3
BRFSS2023-54-2023000533,54,2023,Urban,42500,2,,0,Female,70-74,Moderate Risk,2023-05-11,,1,29.3,2,3,5,0,0
BRFSS2023-54-2023000498,54,2023,Rural,42500,2,,0,Female,70-74,Moderate Risk,2023-05-17,,1,21.3,1,3,5,1,2
BRFSS2023-54-2023001251,54,2023,Rural,30000,3,,0,Female,65-69,Critical Risk,2023-11-17,,1,31.5,3,2,5,1,0
BRFSS2023-54-2023002713,54,2023,Urban,125000,4,,2,Male,35-39,Moderate Risk,2023-07-11,,1,34.6,0,4,5,0,6
BRFSS2023-54-2023003124,54,2023,Urban,175000,2,,0,Female,65-69,Moderate Risk,2023-10-03,,1,30.9,2,5,5,0,1
BRFSS2023-54-2023002481,54,2023,Rural,22500,6,,4,Female,30-34,Moderate Risk,2023-07-07,,1,26.6,0,5,5,1,7
BRFSS2023-54-2023003258,54,2023,Rural,62500,3,,0,Female,,Optimal,2023-10-10,,1,22.9,0,5,5,0,7
BRFSS2023-54-2023001394,54,2023,Rural,17500,1,,0,Female,75-79,Critical Risk,2023-12-13,,1,25.5,5,3,1,0,0
BRFSS2023-54-2023002779,54,2023,Urban,,5,,0,Female,80+,Moderate Risk,2023-07-10,,1,35.0,2,3,5,0,0
BRFSS2023-54-2023000110,54,2023,Urban,,1,,0,Male,70-74,High Burden,2023-05-16,,1,24.8,3,3,5,0,3
BRFSS2023-54-2023002476,54,2023,Urban,200000,4,,2,Male,35-39,Moderate Risk,2023-06-24,,1,31.0,0,4,5,0,5
BRFSS2023-54-2023002541,54,2023,Urban,87500,2,,0,Male,60-64,Moderate Risk,2023-07-27,,1,28.2,2,4,5,0,2
BRFSS2023-54-2023003149,54,2023,Urban,62500,2,,0,Male,50-54,High Burden,2023-10-05,,1,25.1,2,2,1,1,2
BRFSS2023-54-2023001328,54,2023,Rural,22500,2,,0,Male,55-59,High Burden,2023-12-05,,1,19.3,2,1,1,1,7
BRFSS2023-54-2023003664,54,2023,Urban,17500,2,,0,Female,60-64,Moderate Risk,2023-12-17,,1,24.1,1,3,,1,0
BRFSS2023-54-2023001073,54,2023,Urban,175000,5,,2,Male,50-54,Moderate Risk,2023-09-11,,1,31.6,2,3,5,0,5
BRFSS2023-54-2023000297,54,2023,Urban,42500,2,,0,Female,65-69,Moderate Risk,2023-03-12,,1,25.9,1,4,5,0,0
BRFSS2023-54-2023001760,54,2023,Urban,30000,,,,Female,25-29,Moderate Risk,2023-04-07,,1,17.6,1,3,1,0,
BRFSS2023-54-2023004282,54,2023,Rural,22500,2,,0,Female,35-39,Critical Risk,2024-01-24,,1,20.6,4,3,5,1,0
BRFSS2023-54-2023000998,54,2023,Rural,42500,2,,0,Female,65-69,Moderate Risk,2023-09-15,,1,27.6,1,3,5,0,4
BRFSS2023-54-2023004035,54,2023,Urban,5000,1,,0,Female,18-24,Moderate Risk,2024-01-10,,1,24.2,1,4,3,0,6
BRFSS2023-54-2023002699,54,2023,Urban,12500,3,,2,Female,45-49,Critical Risk,2023-08-05,,1,27.5,6,1,4,1,2
BRFSS2023-54-2023003769,54,2023,Urban,30000,1,,0,Female,60-64,High Burden,2023-12-13,,1,29.4,2,1,1,1,0
BRFSS2023-54-2023002461,54,2023,Urban,42500,2,,1,Female,40-44,Moderate Risk,2023-06-09,,1,,1,4,2,0,2
BRFSS2023-54-2023002887,54,2023,Urban,200000,4,,2,Male,45-49,Optimal,2023-09-07,,1,23.3,0,4,5,0,0
BRFSS2023-54-2023003435,54,2023,Urban,,2,,0,Male,70-74,Critical Risk,2023-10-27,,1,35.8,4,4,5,0,7
BRFSS2023-54-2023002590,54,2023,Urban,175000,4,,1,Female,50-54,Moderate Risk,2023-07-21,,1,27.5,1,4,1,0,1
BRFSS2023-54-2023002665,54,2023,Urban,62500,3,,0,Female,70-74,Moderate Risk,2023-08-14,,1,30.1,2,4,3,0,7
BRFSS2023-54-2023003114,54,2023,Urban,12500,1,,0,Male,55-59,Moderate Risk,2023-10-05,,1,25.1,2,3,5,1,7
BRFSS2023-54-2023001805,54,2023,Rural,22500,2,,0,Male,65-69,Critical Risk,2023-04-02,,1,28.8,6,1,5,0,7
BRFSS2023-54-2023002025,54,2023,Rural,200000,1,,0,Male,40-44,Optimal,2023-05-04,,1,27.0,0,3,5,0,5
BRFSS2023-54-2023002023,54,2023,Urban,,5,,2,Female,18-24,Moderate Risk,2023-05-22,,1,25.2,2,3,3,0,0
BRFSS2023-54-2023000922,54,2023,Rural,30000,2,,0,Female,70-74,Moderate Risk,2023-08-17,,1,21.0,2,3,5,0,0
BRFSS2023-54-2023002697,54,2023,Rural,125000,6,,4,Female,35-39,Moderate Risk,2023-08-15,,1,24.7,1,4,5,1,2
BRFSS2023-54-2023001160,54,2023,Rural,,1,,0,Male,80+,Critical Risk,2023-10-16,,1,25.4,5,1,,,0
BRFSS2023-54-2023003760,54,2023,Rural,62500,1,,0,Male,55-59,Moderate Risk,2024-01-03,,1,26.5,1,3,4,0,3
BRFSS2023-54-2023000500,54,2023,Rural,42500,1,,0,Female,70-74,High Burden,2023-05-20,,1,31.2,2,3,2,0,7
BRFSS2023-54-2023003090,54,2023,Urban,87500,1,,0,Male,70-74,High Burden,2023-10-16,,1,28.8,3,4,4,0,3
BRFSS2023-54-2023001604,54,2023,Urban,42500,5,,3,Female,35-39,Moderate Risk,2023-02-18,,1,29.3,1,4,1,1,6
BRFSS2023-54-2023001690,54,2023,Urban,87500,3,,2,Female,40-44,Moderate Risk,2023-04-21,,1,36.2,1,3,3,1,3
BRFSS2023-54-2023003834,54,2023,Urban,62500,1,,0,Male,80+,Moderate Risk,2024-01-06,,1,21.8,1,2,5,0,7
BRFSS2023-54-2023001092,54,2023,Rural,,2,,0,Female,65-69,High Burden,2023-09-15,,1,19.1,3,3,5,0,7
BRFSS2023-54-2023001332,54,2023,Rural,5000,1,,0,Male,70-74,Moderate Risk,2023-12-11,,1,28.7,1,4,5,0,7
BRFSS2023-54-2023002996,54,2023,Urban,200000,4,,2,Female,40-44,Optimal,2023-08-31,,1,26.0,0,4,4,0,4
BRFSS2023-54-2023000190,54,2023,Urban,62500,2,,0,Male,80+,High Burden,2023-02-16,,1,35.3,2,2,5,0,0
BRFSS2023-54-2023004123,54,2023,Urban,42500,2,,0,Male,18-24,Moderate Risk,2024-01-23,,1,23.7,1,5,1,0,2
BRFSS2023-54-2023003830,54,2023,Urban,200000,1,,0,Male,55-59,Moderate Risk,2024-01-11,,1,27.8,1,4,5,0,0
BRFSS2023-54-2023001660,54,2023,Urban,42500,3,,0,Male,50-54,Critical Risk,2023-04-01,,1,40.8,4,2,2,0,0
BRFSS2023-54-2023000633,54,2023,Urban,62500,2,,0,Male,80+,Moderate Risk,2023-06-05,,1,30.4,0,3,5,0,7
BRFSS2023-54-2023001769,54,2023,Urban,42500,1,,0,Male,18-24,Moderate Risk,2023-04-25,,1,24.4,1,4,4,0,2
BRFSS2023-54-2023001365,54,2023,Urban,22500,2,,0,Female,75-79,High Burden,2023-12-19,,1,30.0,2,2,5,0,2
BRFSS2023-54-2023003672,54,2023,Rural,62500,2,,0,Male,70-74,Critical Risk,2023-12-30,,1,25.4,4,2,3,0,7
BRFSS2023-54-2023001193,54,2023,Urban,30000,1,,0,Female,75-79,High Burden,2023-10-21,,1,39.7,2,2,5,0,3
BRFSS2023-54-2023003265,54,2023,Urban,62500,2,,0,Female,60-64,Moderate Risk,2023-10-21,,1,28.2,1,4,4,0,4
BRFSS2023-54-2023003183,54,2023,Rural,87500,5,,3,Female,30-34,Moderate Risk,2023-09-27,,1,43.4,1,4,2,0,0
BRFSS2023-54-2023003304,54,2023,Urban,,4,,0,Male,18-24,Moderate Risk,2023-10-11,,1,20.4,1,3,3,0,0
