_STATE,SEQNO,IDATE,SEXVAR,_AGEG5YR,_URBSTAT,MSCODE,NUMADULT,HHADULT,CHILDREN,INCOME3,GENHLTH,MENTHLTH,PRIMINS1,_BMI5,_SMOKER3,EXERANY2,EXEROFT1,CVDINFR4,CVDCRHD4,CVDSTRK3,ASTHMA3,CHCCOPD3,ADDEPEV3,CHCKDNY2,HAVARTH4,CHCOCNC1,DIABETE4
06,2023005145,07232023,1,11,2,,,02,88,09,4,88,03,4069,3,1,220,2,2,2,2,2,2,2,1,2,4
06,2023010367,02092024,2,09,1,,,02,88,10,2,02,02,2078,4,1,105,2,2,2,2,2,1,2,2,2,3
06,2023006188,11072023,2,04,1,,,02,01,05,1,02,09,2456,3,1,206,2,2,2,2,2,2,2,2,2,3
06,2023005249,07192023,1,07,1,,,01,88,09,1,04,01,2755,4,1,212,2,2,2,2,2,2,2,2,2,3
06,2023004119,05112023,2,10,1,,,02,88,99,3,01,03,2905,4,2,,2,2,1,2,2,2,2,1,1,3
06,2023008886,07212023,2,11,1,,,02,88,09,2,02,02,2502,4,1,104,2,2,2,2,2,1,2,1,2,3
06,2023008227,05162023,2,01,1,,,02,88,11,3,15,01,2098,4,1,104,2,2,2,2,2,1,2,2,2,3
06,2023004397,05092023,1,03,1,,,01,88,07,4,88,88,2976,4,1,,2,2,2,2,2,2,2,2,2,3
06,2023009248,07262023,2,12,1,,,02,88,77,2,88,09,1920,3,1,777,2,2,1,2,2,2,2,1,2,3
06,2023001718,06172023,1,09,2,5,01,,,,3,88,10,,9,1,777,2,2,2,2,2,2,2,1,2,3
06,2023002108,10112023,1,05,1,1,02,,01,09,1,07,01,2342,4,1,107,2,2,2,2,2,1,2,2,2,3
06,2023009538,08312023,1,03,1,,,01,88,06,3,21,07,2186,4,1,103,2,2,2,1,2,1,2,2,2,3
06,2023003842,05302023,1,11,1,,,04,,,4,10,03,,9,2,,2,1,2,1,2,1,1,1,2,4
06,2023010288,02132024,1,08,1,,,03,01,07,1,03,02,2573,4,1,105,2,2,2,2,2,2,2,1,2,3
06,2023007584,05192023,1,07,1,,,02,03,08,3,01,01,2428,4,1,106,2,2,2,2,2,2,2,2,2,3
06,2023010641,02262024,1,03,1,,,03,88,11,2,08,01,3018,4,1,104,2,2,2,1,2,2,2,1,2,3
06,2023007516,04212023,2,03,1,,,02,01,07,2,06,10,2678,4,1,107,2,2,2,1,2,2,2,2,2,3
06,2023003806,04292023,1,04,1,,,02,01,09,3,88,01,2870,3,1,105,2,2,2,2,2,2,2,2,2,3
06,2023010992,05112023,1,01,1,,,02,88,99,1,05,99,2265,4,1,224,2,2,1,1,1,2,2,2,2,3
06,2023011887,07052023,2,06,1,,,01,88,09,3,10,07,2658,4,1,107,2,2,2,2,2,1,2,2,2,3
06,2023010970,09252023,1,02,1,,,03,88,05,3,20,88,2024,4,1,103,2,2,2,1,2,2,2,2,2,3
06,2023009318,07262023,1,07,1,,,03,88,09,3,88,01,3731,3,1,104,2,2,2,2,2,2,2,2,2,3
06,2023000358,04242023,2,13,1,2,01,,88,99,2,88,03,,4,2,,2,2,2,2,2,2,2,2,2,3
06,2023011531,09072023,2,13,1,,,01,88,06,3,88,03,1939,4,1,245,2,2,2,1,2,2,2,1,1,3
06,2023004820,08162023,2,02,1,,,03,02,06,4,30,01,3320,4,1,222,2,2,2,2,2,2,2,7,2,3
06,2023001229,02242024,1,13,1,1,02,,88,09,5,88,03,2897,3,2,,2,1,2,2,2,1,7,1,1,3
06,2023009081,07252023,1,04,1,,,02,01,11,3,88,01,2737,4,1,205,2,2,2,2,2,2,2,2,2,3
06,2023002145,02172024,1,12,1,5,02,,88,09,2,88,01,2696,4,1,103,2,2,2,2,2,2,2,2,1,3
06,2023010422,12152023,1,09,1,,,02,88,05,5,27,03,3595,4,1,205,2,1,2,1,2,1,1,1,2,1
06,2023000716,07232023,2,13,1,1,02,,01,99,4,88,01,3345,3,1,102,2,2,2,2,2,2,2,1,2,1
06,2023011349,06042023,2,01,1,,,01,88,77,2,88,88,2012,4,1,103,2,2,2,2,2,2,2,2,2,3
06,2023002611,02232024,2,13,1,1,01,,88,77,2,88,03,2227,3,1,101,2,2,2,2,2,2,2,1,2,3
06,2023006735,02172024,2,07,1,,,03,03,11,2,02,01,2433,4,1,203,2,2,2,2,2,2,2,2,1,3
06,2023006194,02082024,1,10,1,,,01,88,05,2,88,03,2889,4,2,,2,2,2,2,2,2,2,1,2,3
06,2023007583,05192023,2,10,1,,,01,88,05,4,88,03,2502,4,1,220,2,2,2,2,2,2,2,2,2,3
06,2023004465,06262023,1,01,1,,,01,88,05,3,88,88,2825,4,1,106,2,2,2,2,2,2,2,2,2,3
06,2023007110,02282023,2,04,1,,,03,04,03,4,88,03,2965,4,2,,2,2,2,2,2,2,2,2,2,3
06,2023001153,02222024,2,09,1,2,02,,88,10,3,05,01,2889,4,1,104,2,2,2,2,2,1,2,1,1,3
06,2023001322,10242023,2,13,1,1,01,,88,04,4,15,03,2835,2,1,104,2,2,2,2,2,2,2,1,2,3
06,2023007682,04042023,1,11,1,,,02,88,09,3,88,03,2767,3,1,102,2,2,2,2,2,2,2,2,2,1
06,2023006427,02132024,1,08,1,,,01,88,,4,05,09,,9,1,220,7,1,2,2,2,2,1,2,2,1
06,2023007039,02172023,1,11,1,,,01,88,06,4,88,03,2580,4,1,106,2,2,1,2,2,2,2,1,7,3
06,2023000579,10082023,2,07,1,1,04,,88,10,3,88,01,5493,4,2,,2,2,2,2,2,2,2,2,2,3
06,2023002084,09302023,2,14,1,2,03,,02,99,1,88,06,,3,1,777,2,2,2,2,2,2,2,2,2,3
06,2023008252,05102023,2,07,1,,,04,02,11,2,88,01,2195,4,2,,2,2,2,2,2,2,2,1,2,3
06,2023011952,08312023,1,01,1,,,02,88,05,3,06,01,2152,4,1,210,2,2,2,2,2,2,2,2,2,3
06,2023008954,07272023,1,10,1,,,01,88,05,4,02,09,1949,3,2,,2,2,2,2,1,2,2,1,2,3
06,2023009309,07192023,2,10,1,,,02,88,10,4,88,03,3684,4,1,103,2,2,2,1,1,2,2,1,2,3
06,2023010670,02152024,2,02,1,,,02,88,77,4,16,09,,4,1,204,2,2,2,2,2,2,2,2,2,3
06,2023001827,06182023,2,13,1,1,03,,88,07,3,88,03,2126,9,2,,2,1,2,1,2,2,2,2,2,1
06,2023008389,06102023,2,08,1,,,05,02,04,4,03,09,,4,1,105,2,2,2,2,2,2,2,2,2,4
06,2023001282,02152024,2,11,1,2,02,,88,77,3,14,03,1512,3,2,,2,2,2,2,1,2,2,1,2,3
06,2023001212,02202024,1,13,1,2,02,,88,99,3,88,03,2663,4,1,103,2,2,2,2,2,2,1,2,2,3
06,2023002381,02212024,1,13,1,1,02,,88,10,1,88,07,2584,3,1,105,2,1,2,2,2,2,2,1,2,3
06,2023005228,08042023,2,08,1,,,01,88,03,3,15,09,2929,4,2,,2,2,2,2,2,2,2,2,2,3
06,2023006737,01072024,2,01,1,,,01,01,77,2,10,01,2037,4,1,103,2,2,2,2,2,2,2,2,2,3
06,2023009459,09022023,2,07,1,,,03,01,10,2,88,01,,4,1,103,2,2,2,2,2,2,2,2,1,3
06,2023011405,01152024,2,11,1,,,02,88,07,3,03,01,2832,3,2,,2,2,2,2,2,2,2,1,2,1
06,2023008744,06232023,2,06,1,,,01,88,06,2,88,01,2018,4,1,102,2,2,2,2,2,2,2,2,2,3
06,2023009229,08072023,1,01,1,,,04,88,01,3,88,88,,4,1,102,2,2,2,2,2,2,2,2,2,3
06,2023011066,08232023,1,01,1,,,02,88,05,4,30,02,2441,3,1,230,2,2,2,2,1,2,2,1,2,3
06,2023007594,05182023,1,04,1,,,02,,,3,05,01,,9,1,230,2,2,2,2,2,2,2,2,1,3
06,2023011543,11142023,2,05,1,,,02,88,99,1,02,01,2081,4,1,102,2,2,2,2,2,2,2,2,2,3
06,2023003636,03242023,1,06,1,,,02,01,11,2,88,01,2696,3,1,230,2,2,2,2,2,2,2,2,2,3
06,2023003288,02252023,2,05,1,,,01,01,06,1,04,01,3712,4,1,107,2,2,2,1,2,2,2,2,2,3
06,2023009253,07272023,2,13,1,,,03,88,99,2,05,01,2835,4,1,230,2,2,2,2,2,2,2,2,2,4
06,2023010616,01162024,2,04,1,,,01,88,04,1,03,05,2732,4,1,208,2,2,2,2,2,2,2,2,2,3
06,2023002030,08062023,2,13,1,1,01,,88,06,4,88,77,2268,4,1,230,2,2,2,2,2,2,2,2,1,2
06,2023008297,05142023,1,04,1,,,01,88,07,2,88,01,4659,4,1,103,2,2,2,2,2,2,2,2,2,3
06,2023000998,02142024,2,13,1,1,01,,88,77,2,88,03,2211,9,7,,2,2,1,2,2,2,2,2,2,3
06,2023005000,07142023,1,08,1,,,01,88,08,3,88,01,3132,4,1,,2,2,2,2,2,2,2,2,2,3
06,2023006650,02262024,1,06,1,,,01,88,,1,88,02,,9,1,106,2,2,2,2,2,2,2,2,2,3
06,2023002594,01022024,2,10,1,2,01,,88,08,4,88,03,3292,3,1,101,2,2,2,1,2,2,2,1,2,3
06,2023003688,03292023,1,05,1,,,05,01,09,3,88,01,3444,4,2,,2,2,2,2,2,2,2,2,2,3
06,2023001517,02232023,1,11,1,2,02,,88,09,1,88,09,2622,4,1,206,2,2,2,2,2,2,2,1,2,3
06,2023007141,03062023,1,02,1,,,02,88,11,2,15,01,2510,4,1,210,2,2,2,1,2,2,2,2,2,3
06,2023005522,10052023,2,05,1,,,02,01,08,3,88,01,3809,4,1,220,2,2,2,2,2,2,2,2,2,3
06,2023010003,02082024,2,09,1,,,04,88,77,4,88,77,,4,2,,2,2,2,2,2,2,2,1,2,3
06,2023004023,05022023,2,07,1,,,04,88,09,2,01,01,,4,1,104,2,2,2,2,2,2,2,2,1,3
06,2023003399,04062023,2,06,1,,,02,01,06,4,88,01,,4,1,104,2,2,2,2,2,2,2,2,2,1
06,2023004097,05032023,2,09,1,,,02,88,07,2,88,10,3307,3,1,220,2,2,2,2,2,2,2,1,2,4
06,2023003514,03302023,1,07,1,,,01,88,11,1,30,01,,4,1,106,2,2,2,2,2,1,2,2,2,3
06,2023002289,12132023,2,12,1,2,04,,01,05,2,88,03,2020,3,2,,2,2,1,2,1,2,2,2,2,3
06,2023002687,12272023,2,09,1,1,03,,88,99,3,88,01,1856,4,1,230,2,2,2,2,2,2,2,2,1,3
06,2023010759,02262024,2,04,1,,,01,01,05,2,05,05,3621,4,1,104,2,2,2,2,2,2,2,2,2,3
06,2023006064,01312024,1,10,1,,,01,88,09,5,02,03,3350,4,2,,2,2,2,2,2,2,1,1,2,3
06,2023001350,10242023,1,11,1,2,02,,88,09,2,88,03,2798,3,1,102,2,2,2,1,1,2,2,2,1,3
06,2023010694,02162024,2,03,1,,,04,88,99,2,02,01,1949,4,1,103,2,2,2,2,2,2,2,2,2,3
06,2023004723,06202023,2,06,1,,,02,,,2,88,03,,9,1,102,2,2,2,1,2,2,2,2,2,3
06,2023008033,05042023,1,04,1,,,03,01,11,2,88,09,2439,3,1,105,2,2,1,2,2,2,2,2,2,3
06,2023011796,11132023,1,02,1,,,02,88,09,1,88,01,2441,4,1,105,2,2,2,2,2,2,2,2,2,3
06,2023002449,11222023,1,12,1,2,02,,88,11,3,88,03,2296,3,1,225,2,1,2,2,2,2,2,2,2,1
06,2023007226,04202023,2,07,1,,,01,88,09,3,88,01,2179,3,1,102,2,2,2,2,2,1,1,2,2,3
06,2023004556,06202023,1,03,1,,,04,01,11,2,10,02,3338,2,1,105,2,2,2,2,2,2,2,2,2,3
06,2023008002,05262023,1,04,1,,,03,03,08,1,03,07,2722,3,1,230,2,2,2,2,2,2,2,2,2,3
06,2023009469,08302023,2,03,1,,,03,03,05,5,88,05,2324,4,2,,2,2,2,2,2,1,2,2,2,3
06,2023002005,07242023,2,11,1,1,01,,88,05,2,30,03,2889,1,1,226,2,2,2,2,2,1,2,1,2,3
06,2023000418,04272023,2,13,1,2,02,,88,07,4,03,03,3050,9,1,102,2,2,1,2,2,2,1,1,2,1
06,2023003353,04052023,1,06,1,,,02,02,09,2,01,01,2511,4,1,215,2,2,2,2,2,2,2,2,2,3
06,2023011007,08052023,1,09,1,,,04,88,02,5,20,03,3054,1,2,,1,1,2,2,1,1,1,1,2,1
17,2023000085,04082023,2,13,1,1,02,,88,06,3,88,03,2318,4,2,,2,2,2,2,2,2,2,2,1,1
17,2023002306,07262023,1,03,1,,,03,01,06,4,05,01,2848,4,1,204,2,2,2,2,2,1,2,2,2,3
17,2023001170,04272023,1,13,1,,,02,88,08,5,88,03,2296,4,1,106,2,2,2,2,2,2,2,1,2,3
17,2023001641,06102023,2,11,2,,,02,88,08,3,88,02,2776,4,1,210,2,2,2,2,2,2,2,1,1,3
17,2023001385,06162023,2,06,1,,,01,88,01,4,07,05,3835,4,1,777,2,2,2,2,2,1,2,1,2,3
17,2023005264,01162024,2,02,1,,,03,88,04,3,30,02,3109,4,1,103,2,2,2,2,2,1,2,2,2,3
17,2023002059,06282023,1,01,1,,,03,88,77,3,88,88,2764,4,1,105,2,2,2,2,2,2,2,2,2,3
17,2023003559,10282023,1,02,1,,,04,01,08,4,05,01,1905,4,1,210,2,2,2,2,2,2,2,2,2,3
17,2023004178,01082024,1,13,1,,,02,88,99,4,30,03,2767,4,2,,2,2,2,2,2,1,2,1,1,3
17,2023000772,02152023,1,07,1,,,01,88,01,3,15,05,2100,1,1,230,2,2,2,2,2,2,2,2,2,3
17,2023003476,11292023,2,02,1,,,02,88,05,4,88,88,2539,4,1,103,2,2,2,2,2,2,2,2,2,4
17,2023004010,11282023,2,11,1,,,02,88,99,5,88,01,,4,2,,2,2,1,2,2,2,2,2,2,1
17,2023003512,10282023,1,01,1,,,02,88,07,3,25,01,2301,2,1,203,2,2,2,7,2,1,2,2,2,4
17,2023000722,02282023,2,09,1,,,01,88,08,2,04,01,3540,3,1,102,2,2,2,2,2,2,2,2,2,3
17,2023002575,08072023,2,07,1,,,02,88,09,3,88,01,2502,4,1,225,2,2,2,2,2,2,2,2,2,3
17,2023002719,08262023,1,11,1,,,02,88,07,2,88,03,3259,3,1,105,2,2,2,2,2,2,2,2,1,3
17,2023000960,04272023,2,07,1,,,03,88,10,2,88,01,3345,4,1,102,2,2,2,2,2,1,2,2,2,3
17,2023000054,02062023,1,01,1,,,02,88,04,3,15,09,2663,1,1,225,2,2,2,1,2,1,2,2,2,3
17,2023003981,11042023,2,03,1,,,01,03,06,3,05,05,3525,4,1,101,2,2,2,2,2,2,2,2,2,3
17,2023003909,11282023,2,12,1,,,02,88,08,1,88,03,3004,4,1,105,2,2,2,2,2,2,2,1,2,3
17,2023004011,11282023,2,08,1,,,03,88,09,2,88,01,2569,4,1,216,2,2,2,2,2,2,2,7,2,2
17,2023000624,03262023,1,02,1,,,01,88,05,1,88,88,2678,4,1,104,2,2,2,2,2,2,2,2,2,3
17,2023004624,01282024,1,11,1,,,02,88,07,3,88,03,4500,3,2,,2,2,2,2,2,2,2,1,1,1
17,2023004744,01262024,1,04,1,,,02,88,08,3,10,01,3175,3,1,210,2,2,2,2,2,1,2,2,2,3
17,2023003179,10102023,2,05,1,,,04,03,03,4,05,03,2480,4,1,105,2,2,2,2,2,2,2,2,2,3
17,2023002020,05312023,1,06,1,,,01,88,06,1,01,02,2129,3,1,101,2,2,2,2,2,2,2,2,2,3
17,2023000303,06282023,2,13,1,3,01,,88,06,3,88,03,2737,3,1,103,2,2,2,2,2,2,2,1,1,3
17,2023003517,12072023,2,05,1,,,03,88,09,2,07,02,2923,4,1,103,2,2,2,2,2,2,2,2,2,3
17,2023004892,05112023,2,02,1,,,02,01,05,1,03,09,4251,4,1,203,2,2,2,2,2,2,2,2,2,3
17,2023004812,07042023,2,05,1,,,01,02,05,1,03,01,4120,4,2,,2,2,2,2,2,1,2,2,2,3
17,2023001646,06092023,2,14,1,,,04,88,99,1,88,01,,9,1,107,2,2,2,2,2,2,2,2,2,3
17,2023002880,09292023,2,06,1,,,01,02,09,2,88,01,2098,3,1,102,2,2,2,2,2,2,2,1,2,3
17,2023000358,08212023,2,13,1,2,02,,88,08,2,88,03,2515,4,2,,2,2,2,2,2,2,2,2,2,1
17,2023001585,05062023,2,04,1,,,01,88,07,3,01,01,3132,4,1,103,2,2,2,2,2,2,2,2,2,3
17,2023000803,03072023,2,10,1,,,01,88,08,1,88,03,2260,3,1,220,2,2,2,2,2,2,2,2,2,3
17,2023000071,12092023,1,02,1,,,01,02,05,3,30,88,,4,2,,2,2,2,2,2,2,2,2,2,3
17,2023002196,08012023,1,05,1,,,03,01,06,4,88,01,,9,1,106,2,2,2,2,2,2,2,2,2,3
17,2023001467,06092023,1,08,1,,,02,01,11,3,88,01,4463,3,1,103,1,2,2,2,2,2,2,2,2,1
17,2023002271,08262023,2,08,1,,,02,,,3,88,05,,9,2,,2,2,2,2,2,2,2,2,2,1
17,2023001703,07092023,1,10,1,,,03,01,07,5,88,03,2918,3,1,215,2,2,2,2,2,2,2,2,2,1
17,2023004918,09182023,2,10,2,,,02,88,07,2,88,01,3712,3,1,103,2,2,2,2,2,2,2,2,2,3
17,2023000425,11292023,2,13,1,1,02,,88,,2,99,05,,9,7,,2,2,2,2,2,2,2,2,2,7
17,2023002406,09052023,1,13,1,,,02,88,11,3,88,03,2510,3,1,102,1,1,1,2,2,2,2,2,2,3
17,2023000469,11032023,2,12,1,2,03,,88,06,3,88,03,2740,4,1,103,2,1,2,2,2,2,2,1,1,3
17,2023003117,10102023,2,10,1,,,03,88,08,2,88,03,3328,4,2,,2,2,2,2,2,2,2,1,1,3
17,2023003029,10162023,1,03,1,,,01,,,2,88,88,,9,2,,2,2,2,1,2,2,2,2,2,3
17,2023003291,09262023,1,12,1,,,01,88,10,2,01,03,1722,4,1,215,2,2,2,2,2,1,2,2,1,3
17,2023000299,06272023,2,12,1,2,02,,88,06,2,88,03,2340,3,2,,2,2,2,2,2,2,2,1,2,3
17,2023004837,09112023,1,01,1,,,03,88,05,4,04,77,2296,1,1,214,2,2,1,1,2,1,2,2,2,3
17,2023002731,08242023,2,07,1,,,01,01,04,2,88,05,3307,4,1,230,2,2,2,2,2,2,2,2,2,3
17,2023002053,06282023,2,13,1,,,01,88,01,3,88,02,5443,4,1,105,2,2,2,2,2,1,2,1,2,3
17,2023000993,04282023,1,10,1,,,04,88,04,2,88,03,,9,2,,2,2,1,2,2,2,2,2,2,3
17,2023002820,10122023,2,10,1,,,01,88,07,1,88,01,3210,4,2,,2,2,2,2,2,2,2,1,2,4
17,2023004800,07052023,2,02,1,,,03,88,04,5,30,05,2760,3,1,107,2,2,2,2,2,1,2,1,2,3
17,2023004196,01242024,2,08,1,,,03,88,04,3,04,01,2012,4,1,103,2,2,2,2,2,1,2,2,2,3
17,2023001004,04272023,2,04,1,,,01,03,05,3,30,88,2378,4,2,,2,2,2,2,2,2,2,2,2,3
17,2023002277,08192023,2,07,1,,,02,88,06,2,88,01,3249,4,2,,2,2,2,2,2,2,2,2,2,3
17,2023002312,07092023,1,07,1,,,02,88,08,3,21,01,3497,1,2,,2,2,2,2,2,1,2,2,2,3
17,2023000402,09172023,1,07,1,1,01,,88,02,4,26,03,2597,3,1,102,2,2,2,2,2,1,2,2,2,3
17,2023001807,07102023,2,07,1,,,04,88,07,1,10,88,2819,4,1,103,2,2,2,2,2,2,2,2,2,3
17,2023004242,01182024,2,04,1,,,02,03,11,3,30,01,2813,4,1,103,2,2,2,2,2,1,2,2,2,3
17,2023001724,07212023,2,03,1,,,02,01,09,2,15,01,1771,4,2,,2,2,2,2,2,1,2,2,2,3
17,2023002950,09302023,2,10,1,,,03,88,10,4,30,01,2043,3,2,,1,2,2,2,2,1,2,2,1,3
17,2023002343,08222023,1,10,1,,,02,88,08,3,88,03,3730,3,1,104,2,2,2,2,2,2,2,1,2,3
17,2023001255,04252023,2,13,1,,,01,88,99,3,88,02,2637,3,1,103,2,2,2,2,2,2,2,1,1,3
17,2023001289,04262023,2,04,1,,,02,06,08,2,05,01,2080,4,1,102,2,2,2,2,2,2,2,2,2,2
17,2023004418,01172024,2,02,1,,,02,88,09,2,05,01,2510,4,2,,2,2,2,2,2,1,2,2,2,3
17,2023000706,03172023,1,10,1,,,01,88,07,1,88,05,2654,4,1,103,2,2,2,2,2,2,2,2,2,3
17,2023000659,03202023,1,10,1,,,01,88,07,2,88,01,3391,4,2,,2,2,2,2,2,2,2,2,2,3
17,2023001906,07242023,1,04,1,,,08,88,77,4,05,09,2823,1,1,204,2,1,2,2,2,2,2,2,2,1
17,2023001126,04222023,1,07,1,,,01,01,08,3,05,01,3750,4,1,101,2,2,2,2,2,1,2,2,2,1
17,2023001832,07122023,2,06,1,,,04,01,05,3,88,88,3125,4,2,,2,7,2,2,2,2,2,2,2,3
17,2023001013,04062023,2,09,1,,,01,88,05,2,88,03,2582,1,1,107,2,2,2,1,2,2,2,2,2,3
17,2023004488,02012024,1,09,1,,,04,02,06,4,88,01,2746,4,2,,2,2,2,2,2,2,2,2,2,3
17,2023002459,07162023,1,05,1,,,02,02,09,2,05,01,2215,3,1,105,2,2,2,2,2,1,2,2,2,3
17,2023004844,10232023,2,02,2,,,02,01,07,3,03,01,3433,4,1,103,2,2,2,2,2,2,2,2,2,3
17,2023001881,07012023,1,03,1,,,02,88,07,2,14,88,2053,4,2,,2,2,2,2,2,2,2,2,2,3
17,2023000465,11062023,1,11,1,2,02,,88,08,1,88,03,2437,4,1,103,2,2,2,2,2,2,2,2,2,3
17,2023004936,09242023,1,11,1,,,02,88,05,3,88,03,1812,2,2,,2,2,2,2,2,2,2,2,2,3
17,2023004883,03252023,2,03,1,,,01,,,3,20,05,,9,1,103,2,2,2,1,2,2,2,2,2,3
17,2023001144,03202023,2,03,1,,,02,88,04,3,88,05,,4,2,,2,2,2,2,2,2,2,2,2,3
17,2023002574,08272023,1,04,1,,,02,02,09,2,07,88,2437,3,1,240,2,2,2,2,2,2,2,2,2,3
17,2023003881,11182023,2,03,1,,,02,03,05,3,02,88,3158,4,2,,2,2,2,2,2,2,2,2,2,3
17,2023003489,11302023,1,07,1,,,02,88,11,2,88,01,2506,3,2,,2,2,2,2,2,2,2,2,2,3
17,2023002240,07172023,1,10,1,,,02,88,04,1,88,03,2573,1,1,107,1,2,2,2,1,2,2,1,2,3
17,2023003917,11262023,2,07,1,,,03,88,01,4,10,88,,4,1,107,2,2,2,2,2,2,2,2,2,3
17,2023000892,03182023,2,04,1,,,02,03,09,3,02,01,2746,4,1,102,2,2,2,2,2,2,2,2,2,3
17,2023004727,01272024,2,04,1,,,02,02,09,1,88,01,2154,4,2,,2,2,2,2,2,2,2,2,2,3
17,2023001711,07162023,2,11,1,,,01,88,06,3,88,03,3004,3,2,,2,2,2,2,1,2,2,2,2,3
17,2023000401,09142023,2,12,1,3,02,,88,07,2,88,03,2067,4,1,215,2,2,2,2,2,2,2,2,2,3
17,2023004417,01292024,2,12,1,,,01,88,04,2,88,03,2012,4,2,,2,2,2,2,2,2,2,2,2,1
17,2023003242,09272023,1,08,1,,,03,88,09,1,88,01,2585,4,1,104,2,2,2,2,2,1,2,2,2,3
17,2023001378,05102023,1,04,1,,,02,88,10,1,25,01,3298,3,1,260,2,2,2,1,2,1,2,2,2,3
17,2023000657,03082023,2,09,1,,,01,88,09,1,88,02,3090,4,1,999,2,2,2,2,2,1,2,2,2,3
17,2023000453,12292023,1,13,1,1,03,,88,07,5,88,03,2238,4,2,,2,1,1,2,2,2,2,1,1,3
17,2023003921,12292023,2,07,1,,,03,88,10,1,88,01,1463,4,1,103,2,2,2,2,2,2,2,2,2,3
17,2023001098,04272023,2,02,1,,,02,03,05,1,01,05,2201,2,1,203,2,2,2,2,1,2,2,2,2,3
17,2023003510,12112023,2,04,1,,,02,03,06,3,05,01,4120,2,1,103,2,2,2,1,2,2,2,2,2,3
17,2023004669,01172024,2,08,1,,,02,88,05,4,88,01,2995,4,1,103,2,2,2,2,2,2,2,2,2,4
17,2023002655,08242023,1,07,1,,,02,88,11,2,88,02,2780,4,1,107,2,2,2,2,2,2,2,2,2,3
28,2023002971,11292023,1,10,1,,,03,88,06,4,88,03,4592,3,1,107,2,2,2,2,2,2,1,1,2,3
28,2023003003,11282023,2,06,2,,,01,88,05,5,30,09,3658,1,2,,2,2,1,1,1,1,2,1,2,3
28,2023002796,10312023,1,04,2,,,01,03,08,2,03,01,2441,3,2,,2,2,2,2,2,2,2,2,2,3
28,2023001518,07052023,1,09,1,,,01,88,04,3,88,01,2433,4,1,107,2,2,2,2,2,2,2,1,2,3
28,2023002808,10312023,2,11,1,,,02,88,05,2,88,03,2657,4,1,107,2,2,2,2,2,2,2,1,2,3
28,2023001009,04112023,1,06,1,,,02,02,11,1,88,01,2771,4,1,108,2,2,2,2,2,2,2,2,2,3
28,2023002533,10212023,2,04,2,,,01,02,06,1,04,01,2780,4,1,101,2,2,2,2,2,2,2,2,2,3
28,2023000784,04212023,1,09,1,,,03,02,02,3,03,03,2712,1,1,107,1,2,1,1,2,2,1,1,1,3
28,2023002690,11112023,2,01,2,,,02,02,77,2,88,05,3232,4,2,,2,2,2,2,2,1,2,2,2,3
28,2023000076,10132023,2,12,1,,,01,88,03,3,10,01,2246,3,2,,2,2,2,1,2,7,2,1,1,1
28,2023000224,03272023,2,07,1,5,02,,88,07,3,88,01,3605,4,2,,2,2,2,2,2,2,2,2,2,3
28,2023003159,01092024,2,11,1,,,01,88,07,4,03,03,2796,3,1,103,2,2,2,2,1,1,2,1,1,1
28,2023002068,09232023,1,07,2,,,02,88,09,1,88,01,2579,3,1,230,2,2,2,2,2,2,2,2,2,3
28,2023001561,07012023,1,05,1,,,02,01,07,2,88,01,3175,4,1,105,2,2,2,2,2,2,2,2,2,3
28,2023000430,01222024,2,11,1,5,01,,88,99,2,88,02,2870,4,2,,2,2,2,2,2,2,2,1,2,3
28,2023001636,08022023,2,05,2,,,04,02,06,4,20,77,2146,1,2,,2,2,2,1,1,1,1,1,2,3
28,2023003754,01282024,2,03,2,,,03,01,04,3,88,88,3853,1,2,,2,2,2,2,2,2,2,2,2,3
28,2023003596,03022024,1,12,2,,,02,88,08,3,88,03,2309,3,1,103,2,2,2,2,2,2,2,1,2,3
28,2023001842,08192023,2,03,1,,,02,88,07,4,04,01,5013,4,1,,2,2,2,2,2,2,2,2,2,3
28,2023002525,10142023,2,01,1,,,02,88,77,2,88,05,2381,4,2,,2,2,2,1,2,2,2,2,2,3
28,2023000728,03082023,1,01,1,,,04,02,77,2,07,01,2870,1,2,,2,2,2,2,2,2,2,2,2,3
28,2023000977,04062023,1,02,1,,,01,02,06,3,10,88,3319,4,1,103,2,2,2,2,2,2,2,2,2,3
28,2023003588,02072024,1,07,2,,,01,88,02,5,88,05,3212,3,1,107,1,1,1,2,2,2,2,1,1,3
28,2023000891,04122023,1,03,2,,,02,02,07,2,02,01,4878,9,1,216,2,2,2,2,2,2,2,2,2,3
28,2023000473,12152023,2,06,1,3,02,,88,01,3,88,03,3038,4,2,,2,2,2,2,2,2,2,2,2,3
28,2023001869,08212023,2,09,1,,,02,88,07,3,88,01,2746,4,1,103,2,2,2,2,2,2,2,1,2,3
28,2023000253,02222023,2,13,1,5,01,,88,99,5,88,99,3109,4,2,,2,1,1,2,2,2,2,1,1,3
28,2023002554,10092023,2,08,1,,,01,01,05,3,88,10,2518,4,1,107,2,2,2,2,2,2,2,2,2,1
28,2023003065,01102024,1,01,2,,,04,88,08,2,07,01,2583,4,1,210,2,2,2,2,2,2,2,2,2,3
28,2023003876,01302024,2,03,2,,,02,88,08,3,88,01,3249,4,1,105,2,2,2,2,2,2,2,2,2,3
28,2023000193,03212023,2,11,1,1,01,,88,06,3,88,03,2744,4,2,,2,2,2,2,2,2,2,2,2,3
28,2023001318,06042023,1,05,1,,,03,01,09,2,15,01,2645,3,1,202,1,2,2,2,2,2,2,2,2,3
28,2023001465,06212023,2,07,1,,,02,88,11,2,03,01,2317,3,1,107,2,2,2,2,2,2,2,2,2,3
28,2023002642,11102023,2,04,1,,,03,02,09,2,88,01,2976,4,1,105,2,2,2,2,2,2,2,2,2,3
28,2023002023,09022023,1,05,1,,,03,02,07,3,03,01,3444,3,1,107,2,2,2,2,2,2,2,2,2,3
28,2023001746,08072023,1,06,2,,,04,88,99,3,30,01,2865,4,1,101,2,2,2,2,2,2,2,2,2,3
28,2023002161,08312023,2,05,1,,,02,02,08,4,07,01,4181,4,7,,2,2,2,2,2,2,2,2,2,3
28,2023000316,06132023,1,11,2,5,02,,88,09,2,88,01,2439,4,1,230,2,2,2,2,2,2,2,2,2,3
28,2023002516,10172023,1,06,1,,,02,02,10,2,88,01,3054,3,1,107,2,2,2,2,2,2,2,2,2,3
28,2023002258,10222023,1,06,1,,,05,88,09,2,01,01,3087,4,1,104,2,2,2,1,2,2,2,2,2,3
28,2023003825,02172024,1,10,1,,,01,88,03,3,88,05,2510,3,1,107,2,2,2,2,2,2,2,2,1,1
28,2023000866,04052023,2,01,2,,,02,01,77,4,88,88,3437,4,1,104,2,2,2,7,7,2,2,7,2,3
28,2023001631,06272023,1,03,1,,,02,88,08,2,88,88,2500,3,1,230,2,2,2,1,2,2,2,2,2,3
28,2023003943,01252024,2,02,1,,,02,88,05,1,88,88,2427,4,1,204,2,2,2,2,2,2,2,2,2,3
28,2023002362,10192023,1,07,1,,,03,01,07,4,88,03,3446,3,2,,2,2,2,2,2,2,2,2,2,1
28,2023002019,09052023,1,06,2,,,03,88,07,2,77,01,3264,4,1,104,2,2,2,2,2,2,2,2,2,3
28,2023001586,06142023,1,05,2,,,02,01,07,3,88,01,3165,4,1,203,2,2,2,2,2,2,2,2,2,3
28,2023003109,12162023,2,06,2,,,01,01,09,2,05,01,2509,1,1,230,2,2,2,2,2,2,2,2,2,3
28,2023002367,10132023,2,09,2,,,02,88,08,3,03,02,4327,4,1,103,2,2,2,1,1,1,2,1,2,1
28,2023001212,06052023,1,01,2,,,04,02,08,2,14,02,2152,4,1,114,2,2,2,2,2,2,2,1,2,3
28,2023001076,04262023,2,02,1,,,01,01,05,4,30,01,5003,4,1,107,2,2,2,2,2,1,2,2,2,3
28,2023000589,03202023,2,02,1,,,03,02,06,2,07,01,1901,4,1,107,2,2,2,2,2,2,2,2,2,3
28,2023000498,02262023,2,10,1,,,01,01,77,3,88,10,,2,2,,2,2,2,2,2,2,2,7,2,3
28,2023002330,10142023,2,01,2,,,03,03,07,3,88,01,4535,4,2,,2,2,2,2,2,2,1,2,2,3
28,2023003819,02042024,1,07,1,,,02,02,11,4,02,01,3367,1,2,,2,2,2,2,2,2,2,2,2,3
28,2023001274,05272023,2,10,2,,,02,88,08,4,77,01,2744,4,2,,2,2,2,2,2,2,2,1,2,3
28,2023000564,03292023,2,08,1,,,01,88,09,2,88,01,2695,3,1,102,2,2,2,2,2,2,2,2,2,2
28,2023002689,10302023,1,04,2,,,03,88,05,3,88,04,5425,4,2,,2,2,2,2,2,2,2,2,2,1
28,2023003431,01192024,2,12,2,,,01,88,07,2,88,03,3259,3,2,,2,2,2,2,2,2,2,2,1,3
28,2023003131,01042024,2,05,1,,,02,02,08,3,30,01,2378,3,1,103,2,2,2,2,2,2,2,2,2,3
28,2023002949,11292023,2,02,1,,,02,03,10,2,04,01,2287,4,1,103,2,2,2,2,2,1,2,2,2,3
28,2023002112,09102023,1,07,2,,,03,88,05,4,88,02,2243,4,2,,2,1,2,2,2,2,7,2,2,3
28,2023003288,01072024,1,08,1,,,01,88,08,3,05,07,3905,4,2,,2,2,2,2,2,1,2,2,2,3
28,2023003898,02192024,1,01,1,,,03,88,77,2,13,01,,9,1,107,2,2,2,2,2,1,2,1,2,3
28,2023000961,04222023,2,09,2,,,02,88,01,1,88,03,3109,1,2,,2,2,2,2,2,1,2,1,2,3
28,2023001802,08242023,1,06,1,,,02,88,08,3,88,01,2625,4,1,105,2,2,2,2,2,2,2,2,2,3
28,2023001085,04182023,1,10,2,,,01,88,99,3,09,10,2887,1,2,,2,2,2,7,7,2,2,2,2,3
28,2023004000,02242024,2,10,1,,,01,01,77,5,05,03,3401,4,1,107,2,2,2,2,2,2,2,1,2,3
28,2023004033,03112023,1,09,1,,,02,88,03,5,15,03,2825,3,2,,2,2,2,1,1,2,2,1,2,3
28,2023002703,11212023,1,10,1,,,01,88,04,4,88,10,2631,1,1,107,7,2,2,2,2,2,2,2,2,1
28,2023001818,08172023,1,11,2,,,02,88,03,2,88,88,2712,4,1,230,1,2,2,1,2,2,2,2,2,3
28,2023003325,12202023,2,07,1,,,01,88,08,3,88,02,,4,2,,2,2,2,2,2,2,2,2,2,3
28,2023001336,06052023,2,13,1,,,02,88,08,2,88,03,2362,4,2,,2,2,2,2,2,2,2,1,2,3
28,2023003106,12112023,1,01,2,,,02,03,77,1,88,05,2760,2,1,105,2,2,2,2,2,1,1,1,2,3
28,2023002392,10222023,1,13,1,,,01,88,09,2,88,03,2326,3,1,107,2,2,2,2,2,2,2,2,2,3
28,2023000342,08022023,1,13,1,3,01,,88,06,1,88,03,3367,4,1,107,2,2,2,2,2,2,2,2,2,1
28,2023002159,08312023,2,04,1,,,04,01,08,1,03,01,2489,3,2,,2,2,2,2,2,2,2,2,2,3
28,2023002687,11202023,1,09,1,,,02,88,05,4,07,02,2170,1,2,,2,1,1,2,2,1,2,1,2,1
28,2023002838,11092023,2,11,2,,,02,88,05,4,88,02,2437,1,1,105,2,2,2,2,2,2,2,1,2,1
28,2023003274,12142023,1,07,1,,,02,02,10,2,88,01,2705,4,2,,2,2,2,1,2,2,2,1,2,1
28,2023001758,07302023,1,07,2,,,02,88,04,4,30,03,2789,1,2,,2,2,2,2,2,1,2,2,2,1
28,2023001050,04252023,2,09,2,,,02,88,77,3,88,10,2413,3,1,202,2,2,2,2,2,2,2,2,2,4
28,2023003324,12072023,2,02,1,,,01,88,01,2,06,05,,4,2,,2,2,2,1,7,2,2,2,2,3
28,2023000131,02212023,2,09,2,3,01,,88,02,3,10,02,3854,1,1,214,2,2,1,2,2,1,2,1,2,4
28,2023000075,11022023,1,01,1,,,03,88,06,2,88,01,2285,4,1,230,2,2,2,2,2,2,2,2,2,3
28,2023001181,05212023,2,08,2,,,02,88,10,2,88,88,3433,3,1,106,2,2,2,2,2,2,2,1,1,3
28,2023003572,01222024,1,03,1,,,02,02,07,4,88,01,3125,4,1,208,2,2,2,2,2,2,2,2,2,3
28,2023002764,11112023,1,10,1,,,02,88,99,3,88,03,3415,3,1,230,2,2,2,2,1,2,2,1,2,3
28,2023003403,02182024,2,11,2,,,01,88,04,4,88,03,2987,4,2,,2,2,2,2,2,2,2,2,2,3
28,2023000109,02232023,1,08,1,5,02,,01,11,1,02,01,2102,4,1,204,2,2,2,2,2,2,2,1,2,3
28,2023002301,10082023,1,08,2,,,02,05,77,4,88,01,6170,3,2,,2,2,2,2,2,2,2,1,2,3
28,2023000434,01312024,1,13,2,3,02,,88,99,1,88,02,2232,4,1,102,2,2,2,2,2,2,2,2,1,3
28,2023003988,02012024,1,11,2,,,01,88,07,4,06,07,2367,1,1,101,2,1,1,2,2,2,2,2,2,3
28,2023003015,12062023,1,06,1,,,02,88,99,3,88,01,3905,4,1,211,2,2,2,2,1,2,2,1,2,3
28,2023002178,09252023,1,12,1,,,04,01,07,3,77,03,2718,4,1,102,2,2,2,2,2,2,2,1,1,3
28,2023000943,04122023,1,11,2,,,02,88,99,2,88,03,2870,4,1,104,1,2,2,2,2,2,1,2,2,3
28,2023000379,08222023,1,11,2,5,03,,01,07,3,88,03,2780,4,2,,2,2,2,2,2,2,2,2,2,3
28,2023000947,04302023,1,10,1,,,01,88,05,2,88,02,2111,9,1,103,2,2,2,2,2,2,2,1,2,3
28,2023003714,02032024,1,03,2,,,01,88,08,3,88,01,,9,1,105,2,2,2,2,2,2,2,2,2,3
28,2023000074,11022023,2,08,1,,,02,88,06,3,03,01,3515,4,1,230,2,2,2,1,2,2,2,1,2,1
36,2023008154,02272023,2,13,1,,,01,88,04,4,88,03,3745,3,2,,1,1,2,2,2,2,2,1,2,4
36,2023010481,08242023,1,02,1,,,02,88,06,1,04,02,2825,4,1,104,2,2,2,2,2,2,2,2,2,3
36,2023012944,03102023,2,07,1,,,02,,,1,88,05,,9,1,104,2,2,2,2,2,1,2,2,2,3
36,2023005463,08122023,1,04,1,,,02,88,11,2,88,01,3125,4,1,102,2,2,2,2,2,2,2,2,2,3
36,2023011354,10272023,1,01,1,,,02,01,07,2,04,09,2045,4,1,104,2,2,2,2,2,2,2,2,2,3
36,2023002618,10122023,2,13,1,3,01,,88,07,3,88,03,2657,3,2,,2,7,2,2,2,2,2,1,2,3
36,2023010996,10042023,2,02,1,,,03,88,05,3,05,77,2785,4,2,,2,2,2,2,2,2,2,2,2,3
36,2023009512,06232023,1,04,1,,,02,03,77,1,88,10,2976,4,1,777,2,2,2,2,2,2,2,2,2,3
36,2023002878,02212023,2,10,1,,,05,88,08,3,88,03,2926,2,2,,2,2,2,2,2,2,2,2,1,3
36,2023012636,02212023,2,07,1,,,03,88,02,2,02,88,2604,4,2,,2,2,2,2,2,2,2,1,2,3
36,2023001222,10242023,2,13,2,2,02,,88,77,2,88,03,3090,3,1,102,2,2,2,2,2,2,2,1,1,3
36,2023016777,01032024,2,09,1,,,04,88,08,3,03,01,1701,3,1,103,2,2,2,2,2,2,1,2,1,3
36,2023000692,02272023,2,12,1,2,01,,88,07,3,88,03,2413,3,1,104,2,2,2,2,2,2,2,2,2,3
36,2023014459,06132023,1,02,1,,,01,88,07,1,88,01,2654,4,1,103,2,2,2,2,2,2,2,2,2,3
36,2023004029,04102023,1,02,1,,,02,88,11,2,88,01,2102,4,1,102,2,2,2,2,2,2,2,2,2,3
36,2023012327,03012023,1,09,1,,,01,88,05,3,20,01,2296,2,1,230,1,1,1,2,2,2,2,2,2,3
36,2023008648,03292023,2,09,1,,,02,88,09,1,88,01,2323,4,1,225,2,2,2,2,2,2,2,1,2,3
36,2023014556,07112023,1,08,1,,,02,01,04,4,88,09,1977,3,2,,1,1,1,2,2,2,2,2,2,1
36,2023002804,02242023,1,08,1,,,01,88,02,3,88,77,,1,1,107,2,2,2,2,2,2,2,2,2,3
36,2023003586,03152023,2,03,1,,,01,88,08,2,20,01,2413,4,1,210,2,2,2,2,2,1,2,2,1,3
36,2023000391,08222023,1,03,1,,,01,88,77,3,09,01,2929,4,2,,2,2,2,1,2,2,2,2,2,3
36,2023015887,11022023,1,08,1,,,02,04,11,2,88,01,4072,3,1,206,2,2,2,2,2,2,2,2,2,3
36,2023003551,04212023,1,11,1,,,02,02,02,4,08,05,2378,4,2,,2,7,2,2,2,2,2,1,1,1
36,2023002619,10232023,1,11,1,3,02,,88,99,1,88,03,2859,3,1,777,2,2,2,2,2,2,2,2,2,3
36,2023005543,09112023,1,08,1,,,04,88,04,5,03,88,2637,4,2,,1,1,1,1,2,2,2,2,2,1
36,2023006742,11112023,2,06,1,,,01,88,01,5,10,05,4229,3,1,113,2,2,2,2,2,1,2,1,2,3
36,2023008293,03072023,1,02,1,,,02,88,77,3,88,88,,4,2,,2,2,2,2,2,2,2,2,2,3
36,2023012297,03012023,2,09,1,,,02,88,02,5,88,03,4625,4,2,,2,2,2,1,2,2,2,1,2,1
36,2023014524,06202023,1,06,1,,,02,02,06,2,05,01,2905,4,1,202,2,2,2,1,2,1,2,7,2,3
36,2023009441,05242023,1,01,1,,,03,88,11,2,08,10,2215,4,1,215,2,2,2,2,2,1,2,2,2,3
36,2023009011,05042023,1,09,1,,,02,88,07,4,88,07,2441,4,1,205,2,2,2,1,2,2,2,1,2,3
36,2023014822,07212023,2,06,1,,,03,02,07,4,02,01,3495,4,1,107,2,2,2,2,1,2,2,2,2,3
36,2023006590,11022023,2,01,1,,,01,88,05,2,05,03,2741,2,1,107,2,2,2,2,2,2,2,2,2,3
36,2023011185,10172023,1,03,1,,,02,88,10,3,05,01,,1,1,210,2,2,2,2,2,2,2,2,2,3
36,2023009008,04252023,1,07,1,,,02,88,07,3,88,01,3328,4,1,104,2,2,2,2,2,2,2,2,2,1
36,2023011631,12042023,2,04,1,,,04,02,04,1,88,10,2411,4,1,220,2,2,2,2,2,2,2,2,2,3
36,2023004659,06092023,1,01,1,,,02,88,77,1,88,02,2654,4,1,105,2,2,2,2,2,2,2,2,2,3
36,2023007423,12082023,1,09,1,,,03,01,99,3,88,77,3905,4,1,208,2,2,2,2,2,2,2,1,1,3
36,2023006800,11172023,1,05,1,,,02,01,11,1,04,01,2760,4,1,225,2,2,2,2,2,2,2,2,2,3
36,2023016061,11072023,2,03,1,,,01,01,06,2,10,01,3439,4,1,203,2,2,2,1,2,2,2,2,2,3
36,2023008727,04232023,2,06,1,,,01,88,06,3,07,05,5277,1,1,205,2,2,2,2,2,1,2,2,2,1
36,2023008502,03232023,2,02,1,,,03,88,77,3,15,01,2469,4,1,210,2,2,2,1,2,1,2,2,2,3
36,2023009018,04232023,2,07,1,,,05,88,11,1,88,01,2330,4,1,105,2,2,2,2,2,2,2,2,2,3
36,2023014025,05152023,2,13,1,,,01,88,08,2,88,03,2663,3,1,105,2,2,2,2,2,2,2,1,2,3
36,2023016464,11302023,1,02,1,,,02,04,02,1,88,05,2067,4,2,,2,2,2,2,2,2,2,2,2,3
36,2023006206,10282023,1,10,1,,,02,88,11,3,88,01,2555,1,1,104,2,2,2,2,2,2,2,1,2,3
36,2023011702,11092023,1,10,1,,,01,88,03,2,88,77,2789,3,2,,2,2,2,2,2,2,2,2,2,3
36,2023004752,06232023,1,13,1,,,02,88,11,3,88,03,2306,4,1,103,2,2,2,2,2,2,2,1,1,3
36,2023016870,01042024,1,02,1,,,02,88,07,1,05,77,1958,2,1,105,2,2,2,2,2,2,2,2,2,3
36,2023011476,10162023,2,09,1,,,02,88,10,1,88,01,2304,4,1,102,2,2,2,1,2,2,2,2,1,3
36,2023015003,08132023,1,13,1,,,01,88,05,3,88,03,2421,4,1,227,2,2,2,1,2,2,2,1,2,3
36,2023003073,02232023,2,05,1,,,01,02,08,2,88,01,2585,2,1,199,2,2,2,2,2,2,2,2,2,3
36,2023000147,01262024,2,02,1,,,07,03,01,2,88,88,,4,2,,2,2,2,2,2,2,2,2,2,3
36,2023005261,07072023,2,03,1,,,02,88,09,3,04,01,2832,4,1,230,2,2,2,2,2,1,2,2,2,3
36,2023000299,10302023,1,03,1,,,01,88,07,3,88,88,2712,4,1,107,2,2,2,2,2,2,2,2,2,3
36,2023001758,08202023,1,04,1,5,01,,88,02,2,88,03,3905,1,1,999,2,2,2,2,2,2,2,2,2,3
36,2023008371,03232023,2,08,1,,,01,01,02,1,88,09,2161,4,1,102,2,2,2,2,2,2,2,1,2,3
36,2023012148,12282023,1,05,1,,,02,06,99,1,27,05,2439,3,1,228,2,2,2,2,2,2,2,2,2,3
36,2023008306,03082023,1,02,1,,,02,88,09,3,05,01,2357,4,1,103,2,2,2,1,2,2,2,2,2,3
36,2023004198,04242023,1,03,1,,,02,99,10,3,05,01,,4,1,199,2,2,2,2,2,2,2,2,2,3
36,2023008215,03142023,1,04,1,,,02,05,06,3,88,01,2705,1,2,,2,2,2,2,2,2,2,2,2,1
36,2023003292,03072023,2,10,1,,,02,88,11,2,88,03,2378,4,1,104,2,2,2,2,2,2,2,1,2,3
36,2023005179,07252023,2,10,1,,,02,88,07,2,88,03,,4,1,777,2,2,2,2,2,2,2,1,1,3
36,2023012009,12152023,1,09,1,,,03,88,08,2,88,01,2718,4,1,107,2,2,2,2,2,2,2,2,2,1
36,2023010892,10032023,2,08,1,,,02,88,11,2,30,01,,3,2,,2,2,2,1,2,1,2,1,2,3
36,2023004622,06262023,2,06,1,,,02,01,09,3,30,01,3695,4,1,102,2,2,2,2,2,2,2,2,2,4
36,2023015996,10162023,2,11,1,,,01,88,07,4,15,01,2103,1,1,101,2,2,2,2,1,2,2,2,2,3
36,2023007697,02242023,1,11,1,,,04,88,09,4,88,03,3278,3,1,102,1,1,2,2,1,2,2,1,2,1
36,2023006564,10232023,1,06,1,,,01,88,01,5,88,02,2568,2,2,,2,2,2,2,2,2,2,1,2,3
36,2023002149,06122023,1,09,1,1,01,,88,11,2,88,01,2289,3,1,103,2,2,2,1,2,2,2,1,2,3
36,2023015181,08172023,1,11,1,,,01,88,01,4,88,09,3347,1,1,102,2,2,2,2,1,2,2,2,2,4
36,2023009315,05172023,1,05,1,,,04,01,09,3,88,01,4699,4,1,104,2,1,2,2,2,2,2,2,2,3
36,2023015942,10272023,2,04,1,,,01,88,08,3,88,10,2020,2,2,,2,2,2,2,2,2,2,2,2,3
36,2023011036,10162023,1,05,1,,,02,02,11,2,04,01,2712,3,1,104,2,2,2,2,2,1,2,1,2,3
36,2023016591,11272023,1,02,1,,,04,02,06,3,88,77,2741,3,1,108,2,2,2,2,2,2,2,1,2,3
36,2023000792,04252023,1,11,1,5,01,,88,08,3,88,03,2650,3,1,230,2,2,2,2,2,2,2,2,2,1
36,2023014318,06212023,2,03,1,,,03,01,05,3,03,10,,4,1,105,2,2,2,2,2,2,2,2,2,3
36,2023000931,04232023,2,11,1,1,02,,88,07,1,88,01,1856,1,2,,2,2,2,2,2,2,2,2,2,3
36,2023011039,10182023,2,06,1,,,03,01,09,4,88,01,2344,4,1,101,2,2,2,2,2,1,2,2,2,3
36,2023010390,08052023,1,14,1,,,02,88,99,2,88,99,2789,3,2,,2,2,2,2,2,2,2,2,1,3
36,2023004579,05272023,2,07,1,,,04,01,09,1,05,01,2575,9,1,230,2,2,2,2,2,2,2,1,2,3
36,2023007856,02242023,2,10,1,,,02,88,10,1,88,10,2551,4,1,102,2,2,2,2,2,2,2,2,2,1
36,2023004157,04232023,1,12,1,,,02,88,99,4,88,03,2309,4,1,103,2,2,2,2,2,1,2,2,1,3
36,2023003611,03232023,1,04,1,,,01,88,04,4,20,09,2301,4,1,103,2,2,2,2,2,2,1,2,2,3
36,2023008302,03062023,2,05,1,,,02,02,10,4,05,01,1975,4,1,103,2,2,2,2,2,2,2,2,1,3
36,2023013815,05172023,2,03,1,,,04,88,77,3,88,09,2788,4,1,202,2,2,2,2,2,2,2,2,2,4
36,2023001172,11102023,2,13,1,1,01,,88,06,5,05,03,2103,1,2,,2,2,2,2,2,2,2,2,2,3
36,2023004063,04252023,1,14,1,,,05,88,99,3,88,99,,4,1,102,2,2,1,2,2,2,2,2,2,3
36,2023016212,10252023,1,04,1,,,02,88,09,2,88,01,1953,1,2,,2,2,2,2,2,2,2,2,2,3
36,2023004868,06122023,2,10,1,,,03,88,06,2,88,03,3328,4,1,105,2,2,2,2,2,2,2,2,2,3
36,2023013885,05232023,1,06,1,,,01,88,10,3,05,01,2837,4,1,103,2,2,2,1,2,2,2,2,2,3
36,2023015612,09182023,1,13,1,,,02,88,05,2,20,03,2905,4,1,204,1,1,2,2,2,1,2,2,2,3
36,2023005243,07242023,2,11,2,,,02,88,07,2,88,77,2480,4,1,103,2,2,2,2,2,2,2,2,2,3
36,2023011229,10182023,2,04,1,,,02,01,77,2,88,05,2317,3,1,228,2,2,2,2,2,1,2,2,2,3
36,2023016268,10152023,1,04,1,,,04,01,04,2,88,88,2746,4,1,204,2,2,2,2,2,2,2,2,2,3
36,2023013370,03212023,2,01,1,,,03,01,10,1,05,88,2098,4,1,203,2,2,2,2,2,2,2,2,2,3
36,2023015611,09212023,1,05,1,,,01,88,06,3,88,05,2296,4,2,,2,2,2,2,2,1,2,2,2,3
36,2023014384,06052023,1,07,1,,,02,02,08,4,14,01,3228,4,1,216,2,2,2,2,2,1,2,1,2,3
36,2023005550,08312023,1,06,1,,,02,88,05,4,05,09,2637,2,2,,2,2,2,2,2,1,2,2,2,3
36,2023015130,08022023,1,05,1,,,03,01,08,2,88,01,3874,1,2,,2,2,2,2,2,2,2,1,2,3
54,2023003472,11022023,1,05,1,,,04,02,08,3,88,01,2813,3,1,212,2,2,2,2,2,2,2,2,1,3
54,2023000837,07172023,1,13,1,1,02,,01,08,2,88,03,2615,3,1,206,2,2,2,2,2,2,2,2,2,4
54,2023001944,05152023,1,13,1,,,02,88,07,2,88,03,2401,4,1,225,2,2,2,2,2,2,2,1,2,3
54,2023001796,03222023,2,04,1,,,02,02,08,2,88,01,,4,1,102,2,2,2,2,2,2,2,2,2,3
54,2023001783,03162023,1,03,1,,,04,88,08,4,30,02,3937,3,1,230,2,2,2,1,2,2,2,2,2,3
54,2023000640,06052023,2,11,2,5,02,,88,05,3,88,01,2657,4,1,230,2,2,2,2,2,2,2,1,2,3
54,2023001715,04062023,2,09,1,,,02,88,08,4,88,01,3578,3,2,,2,2,2,2,2,2,2,2,2,4
54,2023000417,04282023,1,11,2,5,02,,88,04,3,88,03,2650,3,1,220,2,2,2,2,2,2,2,1,2,3
54,2023000990,09202023,2,05,1,3,02,,01,99,2,30,77,,3,1,231,2,2,2,2,2,2,2,2,2,3
54,2023002792,08222023,2,05,2,,,02,03,99,7,10,99,,4,1,103,2,2,2,2,2,2,2,2,2,3
54,2023002367,06132023,2,13,1,,,01,88,77,2,77,03,2905,4,1,230,2,2,2,2,2,1,2,2,1,1
54,2023002229,06272023,1,01,2,,,04,01,77,3,01,77,2141,4,1,220,2,2,2,2,2,2,2,2,2,1
54,2023001178,10172023,1,12,1,2,01,,88,05,5,88,03,2454,4,2,,2,2,2,2,2,2,2,1,1,1
54,2023002728,08022023,1,11,1,,,04,88,06,2,88,10,2615,4,1,107,2,2,2,2,2,2,2,2,2,3
54,2023002280,06272023,2,07,1,,,03,88,09,3,02,01,6174,4,1,105,2,2,2,2,2,2,2,1,2,1
54,2023001020,09122023,1,09,1,3,02,,88,04,5,88,05,3052,1,2,,2,2,2,2,1,2,2,1,2,4
54,2023000842,07242023,1,09,1,5,01,,88,08,4,88,03,2413,3,2,,2,2,2,2,2,2,2,1,2,3
54,2023002789,07202023,2,08,1,,,02,88,10,1,88,01,2060,4,1,102,2,1,2,2,2,2,2,2,2,3
54,2023001626,04042023,1,11,2,,,02,88,10,1,88,03,2789,4,1,103,2,2,2,2,2,2,2,1,2,1
54,2023003551,10262023,2,09,1,,,02,88,99,4,99,10,3495,4,1,102,2,2,2,2,2,2,2,1,2,1
54,2023001377,12192023,1,10,1,2,01,,88,04,3,05,03,3396,4,1,101,2,2,2,2,2,2,2,1,2,1
54,2023000655,06102023,1,13,2,5,01,,88,02,4,25,07,2260,1,2,,2,2,2,2,2,2,2,1,2,3
54,2023000935,08232023,1,11,1,3,01,,88,02,3,88,07,3347,3,1,230,2,2,2,2,2,2,2,1,1,4
54,2023004082,01162024,1,07,1,,,02,01,07,3,29,01,3487,4,2,,2,2,2,2,2,2,2,2,2,3
54,2023003696,12202023,1,03,1,,,02,02,08,3,88,01,2986,4,1,206,2,2,2,2,2,2,2,2,2,3
54,2023000132,10242023,2,06,1,,,03,03,07,2,88,01,3011,3,2,,2,2,2,1,2,2,2,2,2,3
54,2023000839,07202023,2,10,1,1,02,,88,08,3,88,03,2506,3,2,,2,2,2,1,2,2,2,1,1,1
54,2023003186,09292023,1,10,1,,,02,88,07,2,88,03,2870,3,1,230,2,2,2,2,2,2,2,1,2,3
54,2023003590,12212023,2,11,1,,,01,88,05,2,88,01,2744,4,1,103,2,2,2,2,2,2,2,1,2,3
54,2023001834,04132023,2,03,1,,,02,02,05,3,05,05,4429,4,2,,2,2,2,2,2,1,2,2,2,3
54,2023000433,04192023,2,11,1,3,02,,88,03,4,77,03,2464,9,2,,2,2,2,2,2,2,1,1,2,3
54,2023003694,12182023,2,12,1,,,03,88,11,3,88,03,2421,4,1,107,2,2,2,1,2,2,2,2,2,3
54,2023002049,05232023,2,10,1,,,01,88,02,4,88,03,1914,3,1,230,1,2,2,1,1,2,2,1,2,3
54,2023000489,04112023,2,13,2,5,02,,88,08,3,07,03,2798,4,1,203,2,2,2,2,2,2,2,1,2,3
54,2023002934,09112023,1,10,2,,,02,88,07,2,88,03,2218,4,1,230,2,7,2,2,2,2,2,2,2,1
54,2023002957,09082023,1,09,1,,,01,88,02,5,05,05,3347,3,2,,1,2,1,1,1,1,1,1,2,1
54,2023000558,05122023,1,11,2,5,02,,88,07,4,77,03,2141,3,2,,2,2,1,1,1,2,2,2,1,3
54,2023002399,06132023,1,04,1,,,02,03,09,2,02,88,3062,4,1,210,2,2,2,2,2,2,2,2,2,3
54,2023001483,03072023,2,10,1,,,02,88,08,2,10,03,3396,4,1,221,2,2,2,2,2,1,2,2,2,3
54,2023003949,01062024,2,05,1,,,01,04,06,3,30,05,3163,3,1,230,2,2,2,2,2,1,2,2,2,3
54,2023004016,01172024,2,06,1,,,03,01,09,2,30,01,2496,3,1,103,2,2,2,2,2,1,2,2,2,3
54,2023001456,04062023,2,03,1,,,02,02,05,3,77,03,1818,3,1,210,2,2,2,2,2,1,2,2,2,3
54,2023004181,01262024,2,11,1,,,02,,,2,88,03,,9,1,107,2,2,2,2,2,2,2,2,2,3
54,2023002006,04292023,1,09,1,,,02,88,10,2,88,01,2481,3,1,103,2,2,2,2,2,2,2,1,2,3
54,2023000533,05112023,2,11,1,3,02,,88,06,3,88,03,2929,4,2,,2,1,2,2,2,2,2,1,2,4
54,2023000498,05172023,2,11,2,5,02,,88,06,3,88,03,2130,1,1,210,2,2,2,2,1,2,2,2,2,3
54,2023001251,11172023,2,10,2,5,03,,88,05,4,88,03,3147,2,2,,1,2,2,2,2,2,2,1,2,1
54,2023002713,07112023,1,04,1,,,02,02,09,2,88,01,3459,4,1,106,2,2,2,2,2,2,2,2,2,3
54,2023003124,10032023,2,10,1,,,02,88,10,1,88,03,3090,4,1,101,2,2,2,2,2,1,2,1,2,3
54,2023002481,07072023,2,03,2,,,02,04,04,1,88,05,2661,1,1,230,2,2,2,2,2,2,2,2,2,3
54,2023003258,10102023,2,14,2,,,03,88,07,1,88,03,2286,4,1,230,2,2,2,2,2,2,2,2,2,3
54,2023001394,12132023,2,12,2,5,01,,88,03,3,30,03,2551,3,1,202,2,2,1,1,2,1,2,1,1,3
54,2023002779,07102023,2,13,1,,,05,88,77,3,88,03,3495,4,2,,2,2,2,2,2,2,2,1,2,1
54,2023000110,05162023,1,11,1,,,01,88,77,3,88,03,2475,3,1,103,1,1,2,2,2,2,2,2,1,3
54,2023002476,06242023,1,04,1,,,02,02,11,2,88,01,3101,3,1,105,2,2,2,2,2,2,2,2,2,3
54,2023002541,07272023,1,09,1,,,02,88,08,2,88,01,2825,3,1,210,2,2,2,2,2,2,2,1,1,3
54,2023003149,10052023,1,07,1,,,02,88,07,4,25,07,2509,1,1,102,2,2,2,2,2,1,2,1,2,3
54,2023001328,12052023,1,08,2,5,02,,88,04,5,30,02,1931,1,1,230,2,2,2,2,1,1,2,2,2,3
54,2023003664,12172023,2,09,1,,,02,88,03,3,77,05,2413,1,2,,2,2,2,2,2,2,2,1,2,3
54,2023001073,09112023,1,07,1,3,03,,02,10,3,88,01,3157,3,1,220,2,2,2,2,2,2,2,1,2,1
54,2023000297,03122023,2,10,1,3,02,,88,06,2,88,01,2586,3,2,,2,2,2,2,2,2,2,2,2,1
54,2023001760,04072023,2,02,1,,,04,99,05,3,30,05,1757,3,1,777,2,2,2,2,2,1,2,2,2,3
54,2023004282,01242024,2,04,2,,,02,88,04,3,88,05,2060,1,2,,2,2,2,1,1,1,2,1,2,3
54,2023000998,09152023,2,10,2,5,02,,88,06,3,88,03,2762,4,1,104,2,2,2,2,2,2,2,1,2,3
54,2023004035,01102024,2,01,1,,,01,88,01,2,10,05,2421,4,1,106,2,2,2,2,2,1,2,2,2,3
54,2023002699,08052023,2,06,1,,,01,02,02,5,05,09,2746,1,1,210,2,2,1,1,1,1,2,1,2,1
54,2023003769,12132023,2,09,1,,,01,88,05,5,30,01,2944,1,2,,2,2,2,2,2,1,2,1,2,3
54,2023002461,06092023,2,05,1,,,01,01,06,2,15,07,,4,1,210,2,2,2,1,2,2,2,2,2,3
54,2023002887,09072023,1,06,1,,,02,02,11,2,88,02,2333,3,2,,2,2,2,2,2,2,2,2,2,3
54,2023003435,10272023,1,11,1,,,02,88,99,2,88,03,3575,3,1,107,1,2,2,2,2,1,2,2,1,1
54,2023002590,07212023,2,07,1,,,03,01,10,2,30,01,2746,4,1,203,2,2,2,2,2,2,2,2,1,3
54,2023002665,08142023,2,11,1,,,03,88,07,2,10,03,3011,4,1,230,2,2,2,1,2,2,2,1,2,3
54,2023003114,10052023,1,08,1,,,01,88,02,3,88,03,2511,1,1,230,2,2,2,2,1,2,2,1,2,3
54,2023001805,04022023,1,10,2,,,02,88,04,5,88,03,2884,3,1,230,1,1,1,2,1,1,2,2,2,1
54,2023002025,05042023,1,05,2,,,01,88,11,3,88,01,2696,4,1,220,2,2,2,2,2,2,2,2,2,3
54,2023002023,05222023,2,01,1,,,03,02,77,3,11,01,2523,4,2,,2,2,2,2,2,1,2,2,2,1
54,2023000922,08172023,2,11,2,5,02,,88,05,3,88,03,2098,4,2,,1,2,1,2,2,2,2,2,2,3
54,2023002697,08152023,2,04,2,,,02,04,09,2,88,01,2466,1,1,102,2,2,2,2,2,1,2,2,2,4
54,2023001160,10162023,1,13,2,5,01,,88,77,5,99,02,2540,9,2,,1,1,2,2,1,2,2,1,1,3
54,2023003760,01032024,1,08,2,,,01,88,07,3,01,01,2654,4,1,103,2,2,2,2,2,2,2,1,2,3
54,2023000500,05202023,2,11,2,5,01,,88,06,3,15,03,3118,4,1,107,2,2,2,2,2,1,2,1,2,4
54,2023003090,10162023,1,11,1,,,01,88,08,2,02,03,2880,3,1,103,2,2,2,2,2,1,2,1,1,3
54,2023001604,02182023,2,04,1,,,02,03,06,2,30,05,2929,1,1,106,2,2,2,2,2,1,2,2,2,3
54,2023001690,04212023,2,05,1,,,01,02,08,3,07,05,3621,1,1,212,2,2,2,2,2,2,2,2,2,1
54,2023003834,01062024,1,13,1,,,01,88,07,4,88,03,2179,4,1,260,2,2,2,2,2,1,2,2,7,3
54,2023001092,09152023,2,10,2,5,02,,88,77,3,88,03,1914,3,1,231,2,2,2,1,1,2,2,2,1,3
54,2023001332,12112023,1,11,2,3,01,,88,01,2,88,03,2870,3,1,230,2,2,2,2,2,2,2,2,1,3
54,2023002996,08312023,2,05,1,,,02,02,11,2,01,01,2604,4,1,104,2,2,2,2,2,2,2,2,2,3
54,2023000190,02162023,1,13,1,1,02,,88,07,4,88,03,3526,3,2,,2,7,2,2,2,2,2,1,1,3
54,2023004123,01232024,1,01,1,,,02,88,06,1,30,01,2373,4,1,102,2,2,2,1,2,2,2,2,2,3
54,2023003830,01112024,1,08,1,,,01,88,11,2,88,01,2780,4,2,,2,2,2,2,2,2,2,1,2,3
54,2023001660,04012023,1,07,1,,,03,88,06,4,20,03,4083,4,2,,2,2,1,1,2,1,2,1,2,3
54,2023000633,06052023,1,13,1,1,02,,88,07,3,88,03,3042,3,1,230,2,2,2,2,2,2,2,2,2,3
54,2023001769,04252023,1,01,1,,,01,88,06,2,02,01,2439,4,1,102,2,2,2,2,2,1,2,2,2,3
54,2023001365,12192023,2,12,1,2,02,,88,04,4,88,03,3004,4,1,102,2,2,2,2,2,2,2,1,2,1
54,2023003672,12302023,1,11,2,,,02,88,07,4,10,03,2537,4,1,107,1,1,1,2,2,2,2,1,2,3
54,2023001193,10212023,2,12,1,5,01,,88,05,4,88,03,3968,3,1,103,2,7,2,2,2,2,2,1,1,3
54,2023003265,10212023,2,09,1,,,02,88,07,2,02,01,2819,3,1,104,2,2,2,2,2,2,2,1,2,3
54,2023003183,09272023,2,03,2,,,02,03,08,2,20,01,4342,4,2,,2,2,2,2,2,1,2,2,2,3
54,2023003304,10112023,1,01,1,,,04,88,77,3,10,01,2036,4,2,,2,2,2,2,2,1,2,2,2,3
